EmployeeID,EmployeeName,DepartmentID,Department,Salary,ManagerID,HireDate,Email
1,James Solomon,2,Human Resources,"£33,001.29",150,01/05/2020,james.solomon@richmondservice.org.uk
2,Michael Taylor,5,Sales,"£59,387.02",142,31/01/2020,michael.taylor@richmondservice.org.uk
3,Gabrielle Hopkins,2,Human Resources,"£111,203.94",913,15/01/2024,gabrielle.hopkins@richmondservice.org.uk
4,Daniel Kerr,2,Human Resources,"£100,859.10",32,08/02/2020,daniel.kerr@richmondservice.org.uk
5,Thomas Richardson,1,Finance,"£41,243.43",238,09/10/2021,thomas.richardson@richmondservice.org.uk
6,Colleen Washington,1,Finance,"£97,349.41",733,26/02/2023,colleen.washington@richmondservice.org.uk
7,Katelyn Clark,7,IT,"£56,452.87",603,10/09/2018,katelyn.clark@richmondservice.org.uk
8,Jeffrey Harrington,5,Sales,"£127,131.65",6,28/12/2018,jeffrey.harrington@richmondservice.org.uk
9,Marie Gates,3,Engineering,"£113,776.73",348,07/03/2019,marie.gates@richmondservice.org.uk
10,Raymond Sosa,5,Sales,"£48,657.54",980,05/04/2020,raymond.sosa@richmondservice.org.uk
11,Jennifer Freeman,6,Customer Service,"£42,265.23",389,07/05/2023,jennifer.freeman@richmondservice.org.uk
12,Wendy Ayala,2,Human Resources,"£73,077.53",352,07/05/2025,wendy.ayala@richmondservice.org.uk
13,Amanda Richardson,5,Sales,"£126,855.39",747,06/05/2023,amanda.richardson@richmondservice.org.uk
14,Ann Smith,8,Legal,"£94,347.37",996,02/08/2021,ann.smith@richmondservice.org.uk
15,Kyle Weaver,7,IT,"£39,456.02",300,14/11/2015,kyle.weaver@richmondservice.org.uk
16,Jennifer Ramirez,6,Customer Service,"£99,282.26",721,03/03/2021,jennifer.ramirez@richmondservice.org.uk
17,Allison Page,2,Human Resources,"£35,498.93",233,30/12/2017,allison.page@richmondservice.org.uk
18,Jeffrey Miller,5,Sales,"£148,226.58",875,15/10/2019,jeffrey.miller@richmondservice.org.uk
19,Mary Whitaker,4,Marketing,"£133,978.04",389,24/01/2019,mary.whitaker@richmondservice.org.uk
20,Norma Thompson,5,Sales,"£84,409.24",854,27/12/2018,norma.thompson@richmondservice.org.uk
21,Walter Beck,6,Customer Service,"£49,518.49",363,04/09/2024,walter.beck@richmondservice.org.uk
22,Laura Casey,4,Marketing,"£110,421.02",718,11/01/2020,laura.casey@richmondservice.org.uk
23,Joshua Morrison,2,Human Resources,"£103,095.72",175,17/09/2018,joshua.morrison@richmondservice.org.uk
24,Angela Bolton,4,Marketing,"£49,608.30",388,18/03/2020,angela.bolton@richmondservice.org.uk
25,Valerie Andrews,5,Sales,"£148,742.80",655,19/04/2021,valerie.andrews@richmondservice.org.uk
26,Autumn Pena,4,Marketing,"£112,153.71",863,16/08/2021,autumn.pena@richmondservice.org.uk
27,Matthew Wright,1,Finance,"£57,485.77",32,10/12/2018,matthew.wright@richmondservice.org.uk
28,Denise Anderson,6,Customer Service,"£78,139.77",67,05/04/2022,denise.anderson@richmondservice.org.uk
29,James Daniel,4,Marketing,"£139,576.33",580,24/10/2021,james.daniel@richmondservice.org.uk
30,Anna Lane,6,Customer Service,"£55,515.19",511,17/05/2021,anna.lane@richmondservice.org.uk
31,Cindy Ayala,7,IT,"£136,161.98",658,12/10/2018,cindy.ayala@richmondservice.org.uk
32,Lisa West,8,Legal,"£47,144.59",142,02/03/2022,lisa.west@richmondservice.org.uk
33,John Weaver,4,Marketing,"£119,398.68",551,15/06/2023,john.weaver@richmondservice.org.uk
34,Holly Torres,5,Sales,"£119,641.66",438,18/03/2021,holly.torres@richmondservice.org.uk
35,Michele White,7,IT,"£73,439.57",141,22/07/2018,michele.white@richmondservice.org.uk
36,Patricia Walker,8,Legal,"£40,909.13",48,02/09/2015,patricia.walker@richmondservice.org.uk
37,Timothy Combs,2,Human Resources,"£48,340.96",163,26/12/2023,timothy.combs@richmondservice.org.uk
38,James Shea,7,IT,"£101,569.08",394,09/10/2020,james.shea@richmondservice.org.uk
39,Andrea Ward,7,IT,"£101,506.61",479,23/02/2020,andrea.ward@richmondservice.org.uk
40,Angela Lewis,5,Sales,"£146,529.41",881,23/08/2015,angela.lewis@richmondservice.org.uk
41,Jennifer Cooper,1,Finance,"£111,634.01",117,07/07/2016,jennifer.cooper@richmondservice.org.uk
42,Kenneth Stein,5,Sales,"£122,231.85",348,29/12/2019,kenneth.stein@richmondservice.org.uk
43,Jason Clark,2,Human Resources,"£65,220.02",161,24/05/2023,jason.clark@richmondservice.org.uk
44,Joseph Burnett,8,Legal,"£30,389.44",739,20/04/2021,joseph.burnett@richmondservice.org.uk
45,Megan Soto,5,Sales,"£146,626.57",780,09/03/2022,megan.soto@richmondservice.org.uk
46,James Flowers,3,Engineering,"£90,921.80",108,18/03/2016,james.flowers@richmondservice.org.uk
47,Jonathan Hunt,5,Sales,"£131,000.32",519,02/02/2020,jonathan.hunt@richmondservice.org.uk
48,Terri Garcia,4,Marketing,"£48,340.71",780,07/11/2020,terri.garcia@richmondservice.org.uk
49,Mrs. Catherine Diaz MD,3,Engineering,"£94,725.48",797,20/04/2018,mrs..catherine.diaz.md@richmondservice.org.uk
50,Susan Hale,1,Finance,"£101,873.35",500,13/08/2024,susan.hale@richmondservice.org.uk
51,Timothy Hoffman,1,Finance,"£43,424.13",371,13/09/2020,timothy.hoffman@richmondservice.org.uk
52,Amy Olson,5,Sales,"£58,734.28",246,20/12/2019,amy.olson@richmondservice.org.uk
53,Sherry Adams,2,Human Resources,"£40,278.41",497,21/08/2018,sherry.adams@richmondservice.org.uk
54,Pamela Roberson,2,Human Resources,"£147,358.14",545,26/07/2019,pamela.roberson@richmondservice.org.uk
55,Melissa Rice,3,Engineering,"£45,406.98",486,23/02/2017,melissa.rice@richmondservice.org.uk
56,Mr. Matthew Larsen,3,Engineering,"£61,806.80",893,04/07/2016,mr..matthew.larsen@richmondservice.org.uk
57,Martha Howard,7,IT,"£145,723.55",951,01/01/2019,martha.howard@richmondservice.org.uk
58,Sheila Johnson,4,Marketing,"£115,553.88",408,12/02/2024,sheila.johnson@richmondservice.org.uk
59,Mary Martinez,6,Customer Service,"£82,572.01",529,11/04/2024,mary.martinez@richmondservice.org.uk
60,Vernon Mahoney,8,Legal,"£44,520.50",230,13/12/2021,vernon.mahoney@richmondservice.org.uk
61,Matthew Miller,2,Human Resources,"£70,570.27",602,14/02/2024,matthew.miller@richmondservice.org.uk
62,Robin Brown,4,Marketing,"£100,612.81",7,21/06/2015,robin.brown@richmondservice.org.uk
63,Stephanie Nichols,2,Human Resources,"£114,940.91",60,14/02/2023,stephanie.nichols@richmondservice.org.uk
64,Raymond Benitez,4,Marketing,"£38,088.04",32,20/04/2022,raymond.benitez@richmondservice.org.uk
65,Michael Warren,6,Customer Service,"£38,502.88",243,08/12/2017,michael.warren@richmondservice.org.uk
66,Joseph King,5,Sales,"£110,277.33",219,24/04/2016,joseph.king@richmondservice.org.uk
67,Christina Gonzalez,3,Engineering,"£116,802.31",903,15/05/2022,christina.gonzalez@richmondservice.org.uk
68,Deanna Sweeney,8,Legal,"£59,159.67",484,05/07/2022,deanna.sweeney@richmondservice.org.uk
69,Devin Stevens,7,IT,"£52,849.19",99,10/07/2024,devin.stevens@richmondservice.org.uk
70,Danielle Ruiz,7,IT,"£72,515.71",420,17/10/2015,danielle.ruiz@richmondservice.org.uk
71,Tammy Watson,8,Legal,"£133,660.41",55,15/09/2016,tammy.watson@richmondservice.org.uk
72,Juan Jones,2,Human Resources,"£37,273.52",745,21/01/2020,juan.jones@richmondservice.org.uk
73,Christopher Duncan,6,Customer Service,"£126,071.10",111,04/03/2024,christopher.duncan@richmondservice.org.uk
74,Donald Reid,4,Marketing,"£52,990.81",549,04/06/2017,donald.reid@richmondservice.org.uk
75,Blake Young,8,Legal,"£46,821.88",187,28/12/2022,blake.young@richmondservice.org.uk
76,Alfred Mcmillan,5,Sales,"£85,515.37",895,03/11/2024,alfred.mcmillan@richmondservice.org.uk
77,Amy Rivera,2,Human Resources,"£83,175.69",882,09/06/2021,amy.rivera@richmondservice.org.uk
78,Elizabeth Best,2,Human Resources,"£36,070.60",553,01/07/2016,elizabeth.best@richmondservice.org.uk
79,Frank Allen,1,Finance,"£146,279.55",948,05/04/2024,frank.allen@richmondservice.org.uk
80,Stephanie Mason,4,Marketing,"£49,957.33",497,14/09/2024,stephanie.mason@richmondservice.org.uk
81,Eric Davis,8,Legal,"£55,649.68",410,14/06/2023,eric.davis@richmondservice.org.uk
82,James Hickman,1,Finance,"£49,756.45",2,23/01/2021,james.hickman@richmondservice.org.uk
83,Ashley Hanson,7,IT,"£61,824.37",802,08/07/2024,ashley.hanson@richmondservice.org.uk
84,Tracy Berry,8,Legal,"£64,229.91",713,08/01/2020,tracy.berry@richmondservice.org.uk
85,Aaron Allen,8,Legal,"£48,575.62",303,29/12/2019,aaron.allen@richmondservice.org.uk
86,Rachel Massey,4,Marketing,"£146,245.12",593,18/02/2019,rachel.massey@richmondservice.org.uk
87,Jennifer Patel,1,Finance,"£119,757.07",58,21/06/2019,jennifer.patel@richmondservice.org.uk
88,Ralph Paul,1,Finance,"£100,101.31",514,27/09/2023,ralph.paul@richmondservice.org.uk
89,Kathleen Barnes,3,Engineering,"£36,825.55",520,22/06/2016,kathleen.barnes@richmondservice.org.uk
90,Frank Fuller,2,Human Resources,"£132,161.11",70,21/12/2016,frank.fuller@richmondservice.org.uk
91,Sarah Ortiz,2,Human Resources,"£111,025.51",240,12/11/2023,sarah.ortiz@richmondservice.org.uk
92,Lori Taylor,7,IT,"£44,386.39",911,13/08/2021,lori.taylor@richmondservice.org.uk
93,Adrian Allen,4,Marketing,"£99,470.29",40,24/05/2025,adrian.allen@richmondservice.org.uk
94,Nichole Garza,2,Human Resources,"£80,306.99",597,25/02/2022,nichole.garza@richmondservice.org.uk
95,Nicolas Moore,6,Customer Service,"£142,164.75",209,29/07/2023,nicolas.moore@richmondservice.org.uk
96,Joshua Griffith,6,Customer Service,"£58,642.31",405,01/02/2020,joshua.griffith@richmondservice.org.uk
97,Cynthia Roberts,3,Engineering,"£110,602.83",307,30/05/2020,cynthia.roberts@richmondservice.org.uk
98,Nicholas Estes,8,Legal,"£67,941.26",769,30/10/2024,nicholas.estes@richmondservice.org.uk
99,Dr. Lisa Jones,2,Human Resources,"£31,117.85",636,22/12/2022,dr..lisa.jones@richmondservice.org.uk
100,Randall Ramirez,2,Human Resources,"£38,791.29",218,19/09/2019,randall.ramirez@richmondservice.org.uk
101,Christopher Brown,5,Sales,"£45,894.79",357,25/07/2019,christopher.brown@richmondservice.org.uk
102,Robert Gonzalez DDS,2,Human Resources,"£135,512.43",378,06/02/2016,robert.gonzalez.dds@richmondservice.org.uk
103,Angela Benson,5,Sales,"£48,929.62",853,18/12/2020,angela.benson@richmondservice.org.uk
104,James Hernandez,5,Sales,"£103,401.33",826,16/03/2021,james.hernandez@richmondservice.org.uk
105,Tracy Hughes,1,Finance,"£110,143.58",567,15/09/2020,tracy.hughes@richmondservice.org.uk
106,Tristan Bryant,5,Sales,"£141,810.72",106,30/10/2016,tristan.bryant@richmondservice.org.uk
107,Mr. Charles Jackson,3,Engineering,"£61,735.91",911,21/07/2023,mr..charles.jackson@richmondservice.org.uk
108,Shawn Rivers,2,Human Resources,"£119,090.00",159,28/06/2020,shawn.rivers@richmondservice.org.uk
109,Shawn Morales,5,Sales,"£63,810.75",215,23/01/2024,shawn.morales@richmondservice.org.uk
110,Laura Lewis,6,Customer Service,"£54,431.68",649,17/04/2021,laura.lewis@richmondservice.org.uk
111,David Harris,5,Sales,"£90,649.09",257,25/12/2015,david.harris@richmondservice.org.uk
112,Jeffrey Fuentes,1,Finance,"£41,075.82",433,04/08/2021,jeffrey.fuentes@richmondservice.org.uk
113,Joseph Robertson,5,Sales,"£35,290.41",341,20/01/2020,joseph.robertson@richmondservice.org.uk
114,Yolanda Scott,3,Engineering,"£106,453.61",268,06/11/2023,yolanda.scott@richmondservice.org.uk
115,Matthew Lewis,3,Engineering,"£118,947.71",564,26/03/2024,matthew.lewis@richmondservice.org.uk
116,April Harrison,7,IT,"£97,308.82",114,11/08/2022,april.harrison@richmondservice.org.uk
117,Anita Martinez,2,Human Resources,"£143,406.11",707,19/02/2021,anita.martinez@richmondservice.org.uk
118,Clifford Jackson,3,Engineering,"£95,470.83",854,10/07/2022,clifford.jackson@richmondservice.org.uk
119,Patricia Fowler,6,Customer Service,"£99,901.15",151,03/03/2022,patricia.fowler@richmondservice.org.uk
120,Roger Jones,7,IT,"£45,293.46",315,28/01/2022,roger.jones@richmondservice.org.uk
121,Trevor Weiss,6,Customer Service,"£137,877.78",815,05/09/2017,trevor.weiss@richmondservice.org.uk
122,David Bell,1,Finance,"£137,870.96",215,26/03/2024,david.bell@richmondservice.org.uk
123,Stacy Walsh,4,Marketing,"£110,032.01",362,15/08/2017,stacy.walsh@richmondservice.org.uk
124,Denise Gonzales,7,IT,"£146,860.44",767,23/08/2016,denise.gonzales@richmondservice.org.uk
125,Michelle Alexander,3,Engineering,"£141,091.66",242,18/07/2016,michelle.alexander@richmondservice.org.uk
126,Tanya Ross,3,Engineering,"£147,144.72",830,18/03/2025,tanya.ross@richmondservice.org.uk
127,Jennifer Gibson DDS,3,Engineering,"£135,769.94",25,15/04/2025,jennifer.gibson.dds@richmondservice.org.uk
128,Grace Vargas,3,Engineering,"£118,387.74",340,10/09/2019,grace.vargas@richmondservice.org.uk
129,Aaron Branch,7,IT,"£126,268.22",884,07/07/2018,aaron.branch@richmondservice.org.uk
130,Renee Hawkins,4,Marketing,"£62,016.69",806,30/07/2024,renee.hawkins@richmondservice.org.uk
131,Adam Castillo,2,Human Resources,"£75,905.01",39,21/04/2025,adam.castillo@richmondservice.org.uk
132,Renee Landry,8,Legal,"£56,692.05",836,23/12/2019,renee.landry@richmondservice.org.uk
133,Dana Allen,8,Legal,"£71,959.01",840,10/11/2023,dana.allen@richmondservice.org.uk
134,Laurie Williams,4,Marketing,"£56,750.83",675,13/05/2019,laurie.williams@richmondservice.org.uk
135,William Ramirez,4,Marketing,"£77,815.92",285,29/03/2023,william.ramirez@richmondservice.org.uk
136,Edward Velasquez,2,Human Resources,"£146,026.69",285,13/04/2025,edward.velasquez@richmondservice.org.uk
137,Elizabeth Cox,6,Customer Service,"£106,977.81",409,02/08/2024,elizabeth.cox@richmondservice.org.uk
138,Larry Garcia,6,Customer Service,"£142,708.46",118,02/09/2017,larry.garcia@richmondservice.org.uk
139,John Garcia,5,Sales,"£51,428.14",985,26/04/2021,john.garcia@richmondservice.org.uk
140,Susan Brown,5,Sales,"£34,590.86",610,14/12/2017,susan.brown@richmondservice.org.uk
141,Paul Smith,7,IT,"£71,482.45",805,06/06/2024,paul.smith@richmondservice.org.uk
142,Christopher Flores,6,Customer Service,"£82,367.27",523,21/03/2021,christopher.flores@richmondservice.org.uk
143,Matthew Haney,2,Human Resources,"£76,223.45",590,27/05/2021,matthew.haney@richmondservice.org.uk
144,Sarah Sweeney,4,Marketing,"£60,566.70",725,07/09/2018,sarah.sweeney@richmondservice.org.uk
145,Lisa Rios,7,IT,"£30,202.95",947,20/08/2024,lisa.rios@richmondservice.org.uk
146,Ryan Peck,4,Marketing,"£73,706.58",71,04/10/2018,ryan.peck@richmondservice.org.uk
147,Robert Martin,6,Customer Service,"£104,778.65",679,14/06/2024,robert.martin@richmondservice.org.uk
148,Melanie Cantrell,2,Human Resources,"£116,370.51",307,21/09/2023,melanie.cantrell@richmondservice.org.uk
149,Elizabeth Frank,5,Sales,"£110,027.15",334,22/02/2021,elizabeth.frank@richmondservice.org.uk
150,Destiny Peterson,7,IT,"£113,665.01",567,17/09/2017,destiny.peterson@richmondservice.org.uk
151,Daniel Hall,3,Engineering,"£53,020.81",680,28/04/2016,daniel.hall@richmondservice.org.uk
152,Theresa Martin,7,IT,"£111,278.15",924,16/04/2025,theresa.martin@richmondservice.org.uk
153,Kaitlyn Dawson,3,Engineering,"£103,861.79",308,04/03/2024,kaitlyn.dawson@richmondservice.org.uk
154,Joseph Reese,7,IT,"£95,752.47",,29/03/2024,joseph.reese@richmondservice.org.uk
155,Molly White,5,Sales,"£64,429.65",440,28/07/2015,molly.white@richmondservice.org.uk
156,Sarah Ward,6,Customer Service,"£85,798.58",452,27/03/2016,sarah.ward@richmondservice.org.uk
157,Tanya Blair,4,Marketing,"£91,340.88",812,07/01/2016,tanya.blair@richmondservice.org.uk
158,Maria Curtis,3,Engineering,"£109,062.09",290,10/10/2023,maria.curtis@richmondservice.org.uk
159,Thomas Aguilar,6,Customer Service,"£41,206.46",974,19/04/2019,thomas.aguilar@richmondservice.org.uk
160,Sandy Kelley,4,Marketing,"£110,735.48",230,15/06/2016,sandy.kelley@richmondservice.org.uk
161,Daniel Young,4,Marketing,"£47,682.48",47,10/01/2025,daniel.young@richmondservice.org.uk
162,Debbie Miller,4,Marketing,"£148,072.32",625,18/12/2024,debbie.miller@richmondservice.org.uk
163,Jerry Harper,2,Human Resources,"£84,649.94",907,27/09/2024,jerry.harper@richmondservice.org.uk
164,Joanna Jackson,4,Marketing,"£116,201.51",393,11/12/2016,joanna.jackson@richmondservice.org.uk
165,Cindy Miles,8,Legal,"£77,958.34",151,26/12/2019,cindy.miles@richmondservice.org.uk
166,Laura Cunningham,1,Finance,"£137,119.18",881,12/08/2017,laura.cunningham@richmondservice.org.uk
167,Stephanie Mcmahon,2,Human Resources,"£123,410.45",224,23/05/2020,stephanie.mcmahon@richmondservice.org.uk
168,Robert Johnson,3,Engineering,"£126,493.18",712,31/08/2018,robert.johnson@richmondservice.org.uk
169,Vicki Johnson DDS,8,Legal,"£36,026.21",255,21/01/2024,vicki.johnson.dds@richmondservice.org.uk
170,Jonathan Calhoun,2,Human Resources,"£84,775.42",820,16/12/2024,jonathan.calhoun@richmondservice.org.uk
171,Candace Marsh,8,Legal,"£110,109.33",572,29/11/2022,candace.marsh@richmondservice.org.uk
172,Katie Petersen,6,Customer Service,"£144,004.75",912,11/01/2020,katie.petersen@richmondservice.org.uk
173,Tasha Baker,8,Legal,"£103,518.28",736,25/10/2020,tasha.baker@richmondservice.org.uk
174,John Cunningham,7,IT,"£129,668.30",561,01/06/2023,john.cunningham@richmondservice.org.uk
175,Pam Jones,8,Legal,"£137,664.97",761,02/04/2017,pam.jones@richmondservice.org.uk
176,Sharon Patterson,8,Legal,"£84,008.37",769,15/07/2022,sharon.patterson@richmondservice.org.uk
177,Robert Branch,4,Marketing,"£130,783.55",283,11/03/2024,robert.branch@richmondservice.org.uk
178,Joseph Riley,8,Legal,"£105,209.81",281,12/04/2022,joseph.riley@richmondservice.org.uk
179,Evelyn Nguyen,8,Legal,"£39,298.00",292,21/04/2022,evelyn.nguyen@richmondservice.org.uk
180,Ashley King,4,Marketing,"£62,605.81",327,17/06/2022,ashley.king@richmondservice.org.uk
181,Lisa Cunningham,2,Human Resources,"£46,604.89",236,03/11/2018,lisa.cunningham@richmondservice.org.uk
182,Crystal Edwards,7,IT,"£113,273.98",723,29/06/2020,crystal.edwards@richmondservice.org.uk
183,Kristy Baker,4,Marketing,"£37,707.46",417,12/06/2015,kristy.baker@richmondservice.org.uk
184,Dawn Burgess,6,Customer Service,"£95,113.34",425,22/03/2018,dawn.burgess@richmondservice.org.uk
185,Melissa Hendrix,1,Finance,"£54,820.13",430,22/04/2024,melissa.hendrix@richmondservice.org.uk
186,April Knight,7,IT,"£138,580.62",598,04/05/2017,april.knight@richmondservice.org.uk
187,John Brown,1,Finance,"£132,807.84",783,18/09/2016,john.brown@richmondservice.org.uk
188,Edwin Jones,7,IT,"£87,237.57",965,28/07/2020,edwin.jones@richmondservice.org.uk
189,Kathy Webb,6,Customer Service,"£65,833.52",399,10/10/2022,kathy.webb@richmondservice.org.uk
190,Amanda Herring,7,IT,"£94,586.47",752,04/01/2018,amanda.herring@richmondservice.org.uk
191,Thomas Adams,4,Marketing,"£88,587.54",279,21/02/2024,thomas.adams@richmondservice.org.uk
192,Mark Rodriguez,7,IT,"£88,277.04",398,12/10/2023,mark.rodriguez@richmondservice.org.uk
193,Derek Pierce,6,Customer Service,"£110,264.83",817,23/03/2024,derek.pierce@richmondservice.org.uk
194,Stephanie Martinez,7,IT,"£116,901.77",860,20/04/2020,stephanie.martinez@richmondservice.org.uk
195,Carol Smith,8,Legal,"£140,344.99",637,20/01/2021,carol.smith@richmondservice.org.uk
196,Robert Walker,1,Finance,"£138,831.46",606,29/03/2022,robert.walker@richmondservice.org.uk
197,Gary Young,1,Finance,"£40,073.70",438,07/08/2024,gary.young@richmondservice.org.uk
198,Linda Macias,3,Engineering,"£134,022.16",186,03/10/2016,linda.macias@richmondservice.org.uk
199,Andre Hernandez,1,Finance,"£61,218.76",335,16/06/2019,andre.hernandez@richmondservice.org.uk
200,Elizabeth Wilson,4,Marketing,"£84,563.92",345,28/11/2021,elizabeth.wilson@richmondservice.org.uk
201,Adam Eaton,7,IT,"£63,390.79",974,08/07/2017,adam.eaton@richmondservice.org.uk
202,Scott Vasquez,7,IT,"£60,272.58",83,06/08/2015,scott.vasquez@richmondservice.org.uk
203,David Cox,8,Legal,"£32,325.99",552,28/03/2017,david.cox@richmondservice.org.uk
204,Dr. Robert White,1,Finance,"£149,988.94",358,10/04/2019,dr..robert.white@richmondservice.org.uk
205,Ricky Ramos,4,Marketing,"£108,017.29",799,04/10/2022,ricky.ramos@richmondservice.org.uk
206,Jerry Brewer,1,Finance,"£120,507.98",972,17/01/2023,jerry.brewer@richmondservice.org.uk
207,Regina Smith,4,Marketing,"£53,923.28",20,08/09/2016,regina.smith@richmondservice.org.uk
208,Zachary Roberts,3,Engineering,"£58,625.39",484,26/07/2015,zachary.roberts@richmondservice.org.uk
209,Jared Watson,2,Human Resources,"£97,676.35",223,09/09/2018,jared.watson@richmondservice.org.uk
210,Christopher Phillips,8,Legal,"£113,935.80",785,23/08/2020,christopher.phillips@richmondservice.org.uk
211,Billy Dennis,6,Customer Service,"£50,134.70",621,17/09/2018,billy.dennis@richmondservice.org.uk
212,Dr. Jasmine Alexander,2,Human Resources,"£123,335.03",167,01/06/2015,dr..jasmine.alexander@richmondservice.org.uk
213,Sherry Wong,5,Sales,"£42,971.85",26,13/12/2020,sherry.wong@richmondservice.org.uk
214,Barbara Jones,5,Sales,"£99,095.61",929,28/09/2023,barbara.jones@richmondservice.org.uk
215,Amanda Dyer,7,IT,"£77,598.53",732,12/06/2019,amanda.dyer@richmondservice.org.uk
216,Jeffrey Peterson,4,Marketing,"£39,119.58",707,05/01/2016,jeffrey.peterson@richmondservice.org.uk
217,Mr. Andrew Gaines DDS,4,Marketing,"£42,228.16",791,22/02/2019,mr..andrew.gaines.dds@richmondservice.org.uk
218,Mike Blankenship,5,Sales,"£132,035.19",614,27/04/2022,mike.blankenship@richmondservice.org.uk
219,Timothy Olson,2,Human Resources,"£125,547.27",579,01/10/2015,timothy.olson@richmondservice.org.uk
220,Kaitlyn Richards,1,Finance,"£71,664.45",438,27/05/2023,kaitlyn.richards@richmondservice.org.uk
221,Thomas Serrano,6,Customer Service,"£38,274.81",663,07/02/2022,thomas.serrano@richmondservice.org.uk
222,Kimberly Fernandez,6,Customer Service,"£31,518.26",430,13/04/2022,kimberly.fernandez@richmondservice.org.uk
223,Nancy Caldwell,8,Legal,"£42,664.66",983,22/02/2022,nancy.caldwell@richmondservice.org.uk
224,Melanie Anderson,6,Customer Service,"£106,270.21",848,26/04/2020,melanie.anderson@richmondservice.org.uk
225,Timothy Quinn,8,Legal,"£114,877.04",445,16/04/2024,timothy.quinn@richmondservice.org.uk
226,Sarah Lee,3,Engineering,"£118,055.44",988,24/01/2021,sarah.lee@richmondservice.org.uk
227,Bryan Davis,5,Sales,"£103,909.48",941,14/10/2018,bryan.davis@richmondservice.org.uk
228,Stacy Molina,8,Legal,"£85,784.85",845,22/03/2020,stacy.molina@richmondservice.org.uk
229,Ernest Perez,5,Sales,"£68,676.55",251,27/11/2024,ernest.perez@richmondservice.org.uk
230,Aaron Oneal,2,Human Resources,"£63,471.39",461,19/08/2022,aaron.oneal@richmondservice.org.uk
231,Andrew Stevens,4,Marketing,"£120,057.15",583,29/04/2025,andrew.stevens@richmondservice.org.uk
232,Angel Day,7,IT,"£70,367.59",506,13/04/2016,angel.day@richmondservice.org.uk
233,Maria Morris,6,Customer Service,"£51,820.78",217,21/11/2016,maria.morris@richmondservice.org.uk
234,Savannah Gordon,6,Customer Service,"£125,739.88",348,29/10/2017,savannah.gordon@richmondservice.org.uk
235,Joseph King,5,Sales,"£135,638.40",718,26/08/2024,joseph.king@richmondservice.org.uk
236,Karen Perry,5,Sales,"£96,694.92",529,21/04/2018,karen.perry@richmondservice.org.uk
237,Bruce Olsen,4,Marketing,"£40,273.56",737,15/05/2024,bruce.olsen@richmondservice.org.uk
238,Terry Moore,7,IT,"£88,629.34",776,18/04/2025,terry.moore@richmondservice.org.uk
239,Latasha Holmes,4,Marketing,"£112,873.12",661,28/07/2023,latasha.holmes@richmondservice.org.uk
240,Nicholas Wilson,8,Legal,"£83,780.95",17,28/09/2024,nicholas.wilson@richmondservice.org.uk
241,Brandi Glover MD,2,Human Resources,"£65,308.27",414,14/12/2022,brandi.glover.md@richmondservice.org.uk
242,Samantha Hill,4,Marketing,"£66,744.72",595,20/09/2024,samantha.hill@richmondservice.org.uk
243,Steven Blackwell,6,Customer Service,"£86,791.26",543,21/09/2016,steven.blackwell@richmondservice.org.uk
244,Sarah Li,6,Customer Service,"£81,060.46",763,07/06/2017,sarah.li@richmondservice.org.uk
245,Jessica Gonzales,6,Customer Service,"£72,217.26",464,30/03/2021,jessica.gonzales@richmondservice.org.uk
246,Jeremy Knox,5,Sales,"£66,794.76",236,20/09/2021,jeremy.knox@richmondservice.org.uk
247,Keith Lloyd,2,Human Resources,"£116,554.12",323,22/02/2018,keith.lloyd@richmondservice.org.uk
248,Jesse Torres,2,Human Resources,"£119,145.73",973,30/11/2019,jesse.torres@richmondservice.org.uk
249,Jonathan Huerta,3,Engineering,"£52,984.92",756,24/08/2020,jonathan.huerta@richmondservice.org.uk
250,Dennis Cook,8,Legal,"£63,179.96",603,26/09/2018,dennis.cook@richmondservice.org.uk
251,Stephanie Robertson,5,Sales,"£147,661.28",852,14/02/2025,stephanie.robertson@richmondservice.org.uk
252,Courtney Rivera,4,Marketing,"£65,549.58",369,01/01/2017,courtney.rivera@richmondservice.org.uk
253,Mary Mcgrath,3,Engineering,"£66,272.11",725,11/12/2019,mary.mcgrath@richmondservice.org.uk
254,Jacqueline Simon,3,Engineering,"£62,917.36",997,31/07/2016,jacqueline.simon@richmondservice.org.uk
255,Krista Robinson,1,Finance,"£96,403.08",714,08/01/2023,krista.robinson@richmondservice.org.uk
256,Leslie Ortiz,3,Engineering,"£106,544.36",770,22/05/2023,leslie.ortiz@richmondservice.org.uk
257,Lee King,8,Legal,"£42,310.52",12,10/03/2023,lee.king@richmondservice.org.uk
258,Brad Ferguson,5,Sales,"£86,327.63",451,18/07/2017,brad.ferguson@richmondservice.org.uk
259,Diane Johnson,6,Customer Service,"£52,123.64",52,18/10/2015,diane.johnson@richmondservice.org.uk
260,Jacob Fox,5,Sales,"£142,927.63",489,28/07/2023,jacob.fox@richmondservice.org.uk
261,Edward Ross,2,Human Resources,"£128,653.88",410,08/08/2019,edward.ross@richmondservice.org.uk
262,Pam Williams,8,Legal,"£38,889.86",644,17/04/2022,pam.williams@richmondservice.org.uk
263,Jim Anderson,1,Finance,"£48,207.24",830,20/03/2020,jim.anderson@richmondservice.org.uk
264,Robert Howard,5,Sales,"£40,221.71",254,29/05/2019,robert.howard@richmondservice.org.uk
265,Mrs. Laura Shah,2,Human Resources,"£96,968.76",426,08/04/2025,mrs..laura.shah@richmondservice.org.uk
266,Sheena Jones,4,Marketing,"£123,083.22",389,28/01/2018,sheena.jones@richmondservice.org.uk
267,Michelle Tate,8,Legal,"£139,020.53",304,20/07/2023,michelle.tate@richmondservice.org.uk
268,Veronica Juarez,7,IT,"£66,645.63",635,10/09/2015,veronica.juarez@richmondservice.org.uk
269,Todd Ward,1,Finance,"£103,155.71",757,05/06/2022,todd.ward@richmondservice.org.uk
270,Matthew Archer,2,Human Resources,"£143,710.82",212,11/01/2023,matthew.archer@richmondservice.org.uk
271,Sarah Scott,4,Marketing,"£61,757.54",83,25/05/2016,sarah.scott@richmondservice.org.uk
272,Emily Houston,3,Engineering,"£58,783.82",565,16/03/2025,emily.houston@richmondservice.org.uk
273,Randy Torres,2,Human Resources,"£48,783.91",418,05/08/2018,randy.torres@richmondservice.org.uk
274,Sandy Adams,8,Legal,"£112,724.54",481,07/06/2021,sandy.adams@richmondservice.org.uk
275,Stephanie Hobbs,5,Sales,"£33,916.78",295,14/09/2018,stephanie.hobbs@richmondservice.org.uk
276,Pamela Olson,5,Sales,"£114,358.51",464,16/04/2018,pamela.olson@richmondservice.org.uk
277,Miss Jessica Ball,2,Human Resources,"£112,486.19",946,23/12/2018,miss.jessica.ball@richmondservice.org.uk
278,Douglas Newton,5,Sales,"£124,539.36",640,25/02/2016,douglas.newton@richmondservice.org.uk
279,Amanda Roberts,4,Marketing,"£81,016.68",557,29/01/2016,amanda.roberts@richmondservice.org.uk
280,Mckenzie Ballard,4,Marketing,"£107,716.17",930,26/05/2023,mckenzie.ballard@richmondservice.org.uk
281,Eugene Stevens,5,Sales,"£129,195.74",73,24/02/2019,eugene.stevens@richmondservice.org.uk
282,Aaron Keller,1,Finance,"£49,910.73",314,11/02/2023,aaron.keller@richmondservice.org.uk
283,Richard Pham,5,Sales,"£82,698.41",479,06/07/2015,richard.pham@richmondservice.org.uk
284,Kenneth Watson,5,Sales,"£113,968.04",965,10/06/2020,kenneth.watson@richmondservice.org.uk
285,Aaron Pacheco,5,Sales,"£90,056.66",505,07/01/2025,aaron.pacheco@richmondservice.org.uk
286,Julie Powell,8,Legal,"£39,653.02",40,14/01/2025,julie.powell@richmondservice.org.uk
287,Yvonne Bruce,7,IT,"£118,144.07",618,25/05/2017,yvonne.bruce@richmondservice.org.uk
288,Isabel Williams,5,Sales,"£33,103.79",234,03/09/2017,isabel.williams@richmondservice.org.uk
289,Cynthia Smith MD,1,Finance,"£149,948.69",688,22/01/2020,cynthia.smith.md@richmondservice.org.uk
290,Rachael Kennedy,5,Sales,"£99,149.64",781,02/04/2025,rachael.kennedy@richmondservice.org.uk
291,Brandy Fields,3,Engineering,"£86,460.10",667,02/06/2016,brandy.fields@richmondservice.org.uk
292,Stephanie Mcclure,8,Legal,"£139,928.73",185,23/11/2018,stephanie.mcclure@richmondservice.org.uk
293,Cory Reynolds,7,IT,"£106,174.17",503,26/03/2021,cory.reynolds@richmondservice.org.uk
294,Alyssa Galloway,2,Human Resources,"£86,401.25",418,22/08/2024,alyssa.galloway@richmondservice.org.uk
295,Ricardo Blankenship,6,Customer Service,"£68,526.99",107,04/12/2023,ricardo.blankenship@richmondservice.org.uk
296,Marcus Chapman,3,Engineering,"£69,576.44",710,26/03/2025,marcus.chapman@richmondservice.org.uk
297,Joshua Scott,8,Legal,"£64,586.14",967,29/07/2015,joshua.scott@richmondservice.org.uk
298,Mary Mcintosh,7,IT,"£127,627.92",563,03/10/2016,mary.mcintosh@richmondservice.org.uk
299,Stephanie Johnson,1,Finance,"£84,579.11",322,15/12/2024,stephanie.johnson@richmondservice.org.uk
300,Brandon Jackson,5,Sales,"£68,792.85",993,28/03/2018,brandon.jackson@richmondservice.org.uk
301,Allison Eaton,7,IT,"£133,789.27",844,23/07/2016,allison.eaton@richmondservice.org.uk
302,Garrett Hampton,1,Finance,"£108,919.25",555,11/04/2019,garrett.hampton@richmondservice.org.uk
303,Misty Wheeler,8,Legal,"£79,589.71",192,08/12/2016,misty.wheeler@richmondservice.org.uk
304,Kathy Ramirez,6,Customer Service,"£104,716.06",510,25/02/2022,kathy.ramirez@richmondservice.org.uk
305,Jamie Brooks,8,Legal,"£121,198.86",208,05/12/2022,jamie.brooks@richmondservice.org.uk
306,Sylvia Ryan,5,Sales,"£95,906.36",949,08/02/2021,sylvia.ryan@richmondservice.org.uk
307,John Bowers,5,Sales,"£82,573.93",715,12/03/2021,john.bowers@richmondservice.org.uk
308,Christopher Barnes,8,Legal,"£44,571.13",996,27/04/2023,christopher.barnes@richmondservice.org.uk
309,Michael Kelly,4,Marketing,"£115,173.94",318,27/11/2020,michael.kelly@richmondservice.org.uk
310,Doris Hart,1,Finance,"£96,270.17",95,22/11/2023,doris.hart@richmondservice.org.uk
311,Ryan Weber,4,Marketing,"£149,070.86",934,06/01/2020,ryan.weber@richmondservice.org.uk
312,Elizabeth Ramsey,2,Human Resources,"£85,373.75",120,20/11/2019,elizabeth.ramsey@richmondservice.org.uk
313,Jose Pierce,3,Engineering,"£89,805.06",733,09/03/2019,jose.pierce@richmondservice.org.uk
314,Dorothy Hutchinson,5,Sales,"£91,064.64",279,05/04/2024,dorothy.hutchinson@richmondservice.org.uk
315,John Hale,7,IT,"£130,166.87",483,02/11/2017,john.hale@richmondservice.org.uk
316,Derrick Wilson MD,4,Marketing,"£84,814.38",148,23/01/2024,derrick.wilson.md@richmondservice.org.uk
317,Emily Smith,7,IT,"£52,873.24",613,22/01/2024,emily.smith@richmondservice.org.uk
318,Karen Chapman,3,Engineering,"£133,683.23",282,29/12/2020,karen.chapman@richmondservice.org.uk
319,Brian Miller,7,IT,"£70,785.03",806,04/03/2025,brian.miller@richmondservice.org.uk
320,Julia Bush,5,Sales,"£128,465.94",289,14/01/2016,julia.bush@richmondservice.org.uk
321,David Turner,5,Sales,"£130,497.11",593,12/04/2020,david.turner@richmondservice.org.uk
322,William Allen,8,Legal,"£133,831.27",457,16/03/2019,william.allen@richmondservice.org.uk
323,Derek Landry,8,Legal,"£71,414.87",565,08/02/2021,derek.landry@richmondservice.org.uk
324,Dawn Carter,7,IT,"£84,641.35",329,09/08/2020,dawn.carter@richmondservice.org.uk
325,Natasha Santana,4,Marketing,"£147,692.96",244,29/11/2024,natasha.santana@richmondservice.org.uk
326,Kara Briggs,7,IT,"£58,027.49",794,12/03/2025,kara.briggs@richmondservice.org.uk
327,Cynthia Potter,7,IT,"£35,237.68",762,12/06/2015,cynthia.potter@richmondservice.org.uk
328,Nancy Lewis,8,Legal,"£114,627.35",830,19/07/2020,nancy.lewis@richmondservice.org.uk
329,Mr. Troy Lowe,7,IT,"£76,329.45",679,10/05/2020,mr..troy.lowe@richmondservice.org.uk
330,Adam Carroll,3,Engineering,"£89,439.44",37,04/09/2019,adam.carroll@richmondservice.org.uk
331,Alexander Snyder,3,Engineering,"£90,274.94",604,15/03/2024,alexander.snyder@richmondservice.org.uk
332,Anthony Murphy,6,Customer Service,"£134,364.04",895,02/08/2017,anthony.murphy@richmondservice.org.uk
333,Eric Sanders,8,Legal,"£41,965.40",932,13/12/2016,eric.sanders@richmondservice.org.uk
334,Craig Richardson,8,Legal,"£31,841.71",147,04/01/2018,craig.richardson@richmondservice.org.uk
335,Nicholas Davis,7,IT,"£134,511.96",993,29/04/2019,nicholas.davis@richmondservice.org.uk
336,Cheryl Hansen,3,Engineering,"£38,979.39",800,06/03/2024,cheryl.hansen@richmondservice.org.uk
337,Stephen Salazar,5,Sales,"£70,627.35",709,20/06/2017,stephen.salazar@richmondservice.org.uk
338,Tasha Willis,7,IT,"£107,980.40",872,22/12/2021,tasha.willis@richmondservice.org.uk
339,Andrea Mccoy,6,Customer Service,"£132,280.96",879,11/11/2015,andrea.mccoy@richmondservice.org.uk
340,Fred Turner,7,IT,"£144,496.75",641,31/12/2022,fred.turner@richmondservice.org.uk
341,Cassandra Newton,8,Legal,"£134,685.96",36,11/08/2019,cassandra.newton@richmondservice.org.uk
342,Lisa Farley,2,Human Resources,"£58,172.43",700,02/07/2017,lisa.farley@richmondservice.org.uk
343,Wendy Salinas,5,Sales,"£149,691.11",764,15/06/2024,wendy.salinas@richmondservice.org.uk
344,Michael Ortiz,2,Human Resources,"£82,076.58",100,29/03/2021,michael.ortiz@richmondservice.org.uk
345,Angela Fox,2,Human Resources,"£83,241.43",710,10/04/2024,angela.fox@richmondservice.org.uk
346,Sabrina Duffy DVM,5,Sales,"£138,410.89",47,26/11/2017,sabrina.duffy.dvm@richmondservice.org.uk
347,Robert Gutierrez,6,Customer Service,"£125,537.22",300,18/03/2024,robert.gutierrez@richmondservice.org.uk
348,Jennifer Smith DVM,6,Customer Service,"£74,980.93",149,06/10/2022,jennifer.smith.dvm@richmondservice.org.uk
349,Jack Reyes,4,Marketing,"£93,739.96",579,20/08/2021,jack.reyes@richmondservice.org.uk
350,Kimberly Orozco,3,Engineering,"£50,398.04",80,25/05/2018,kimberly.orozco@richmondservice.org.uk
351,Karen Thompson,7,IT,"£104,365.24",246,24/05/2017,karen.thompson@richmondservice.org.uk
352,Olivia Hunt,8,Legal,"£139,539.48",146,03/02/2018,olivia.hunt@richmondservice.org.uk
353,Steven Jones,4,Marketing,"£85,337.99",260,14/11/2020,steven.jones@richmondservice.org.uk
354,Ashley Wheeler,8,Legal,"£60,639.20",9,19/05/2018,ashley.wheeler@richmondservice.org.uk
355,Suzanne Smith,8,Legal,"£138,145.13",693,24/11/2017,suzanne.smith@richmondservice.org.uk
356,Ricky Baker,3,Engineering,"£38,863.43",967,08/01/2025,ricky.baker@richmondservice.org.uk
357,Lauren Lewis,6,Customer Service,"£148,518.20",306,20/08/2020,lauren.lewis@richmondservice.org.uk
358,Daniel Freeman,7,IT,"£112,837.62",467,29/11/2024,daniel.freeman@richmondservice.org.uk
359,Christopher Little,5,Sales,"£53,906.04",393,31/03/2020,christopher.little@richmondservice.org.uk
360,Jonathan Jackson,8,Legal,"£42,798.39",390,09/05/2024,jonathan.jackson@richmondservice.org.uk
361,Emma Harper,6,Customer Service,"£98,977.43",716,05/02/2022,emma.harper@richmondservice.org.uk
362,Joshua Russell,5,Sales,"£32,632.75",849,14/05/2023,joshua.russell@richmondservice.org.uk
363,Brittany Thompson,7,IT,"£62,937.65",579,25/03/2023,brittany.thompson@richmondservice.org.uk
364,Angela Howard,1,Finance,"£139,274.03",763,30/05/2016,angela.howard@richmondservice.org.uk
365,Karen Cain,8,Legal,"£129,940.67",924,02/11/2021,karen.cain@richmondservice.org.uk
366,Sean Giles,5,Sales,"£123,088.92",235,05/05/2022,sean.giles@richmondservice.org.uk
367,Christina Brown,6,Customer Service,"£56,280.54",194,06/02/2023,christina.brown@richmondservice.org.uk
368,Shirley Brown,5,Sales,"£111,331.74",738,17/01/2017,shirley.brown@richmondservice.org.uk
369,Tiffany Fitzpatrick,3,Engineering,"£105,389.77",925,07/12/2017,tiffany.fitzpatrick@richmondservice.org.uk
370,Barbara Pitts,1,Finance,"£67,071.95",451,11/06/2017,barbara.pitts@richmondservice.org.uk
371,Nicole Mooney,1,Finance,"£99,548.86",749,16/02/2023,nicole.mooney@richmondservice.org.uk
372,Sherry Lewis,3,Engineering,"£40,816.01",302,08/04/2023,sherry.lewis@richmondservice.org.uk
373,Timothy Frye,6,Customer Service,"£119,697.70",179,24/05/2016,timothy.frye@richmondservice.org.uk
374,Michael Calhoun,4,Marketing,"£45,859.18",552,12/07/2015,michael.calhoun@richmondservice.org.uk
375,Chelsea Quinn,6,Customer Service,"£93,702.28",935,18/09/2022,chelsea.quinn@richmondservice.org.uk
376,Paul Hunter,5,Sales,"£129,656.71",263,21/09/2017,paul.hunter@richmondservice.org.uk
377,Peter Sanchez,8,Legal,"£146,086.09",302,16/10/2021,peter.sanchez@richmondservice.org.uk
378,Becky Wiley,6,Customer Service,"£126,507.90",479,05/01/2022,becky.wiley@richmondservice.org.uk
379,Michael Lin,2,Human Resources,"£46,890.84",989,30/10/2015,michael.lin@richmondservice.org.uk
380,Mary Young,4,Marketing,"£133,216.87",741,20/03/2023,mary.young@richmondservice.org.uk
381,Shelly Moreno,7,IT,"£146,072.37",823,27/01/2019,shelly.moreno@richmondservice.org.uk
382,Maria Molina,6,Customer Service,"£40,836.35",404,18/01/2018,maria.molina@richmondservice.org.uk
383,Anthony Gardner,1,Finance,"£61,735.03",126,17/04/2021,anthony.gardner@richmondservice.org.uk
384,Tammy Huffman,8,Legal,"£74,230.28",766,02/06/2021,tammy.huffman@richmondservice.org.uk
385,Richard Bauer,5,Sales,"£100,147.21",842,04/09/2016,richard.bauer@richmondservice.org.uk
386,Samantha Rogers,6,Customer Service,"£43,001.53",239,16/03/2021,samantha.rogers@richmondservice.org.uk
387,Marc Bishop,8,Legal,"£33,002.96",905,14/06/2024,marc.bishop@richmondservice.org.uk
388,Ashley Swanson,6,Customer Service,"£139,830.71",226,24/09/2020,ashley.swanson@richmondservice.org.uk
389,Angelica Harris,2,Human Resources,"£106,248.47",475,15/10/2017,angelica.harris@richmondservice.org.uk
390,Michael Perry,5,Sales,"£107,908.73",119,05/09/2023,michael.perry@richmondservice.org.uk
391,Tracy Ward,3,Engineering,"£35,441.62",38,08/02/2018,tracy.ward@richmondservice.org.uk
392,Linda Myers,5,Sales,"£149,511.28",118,18/02/2024,linda.myers@richmondservice.org.uk
393,Jasmin Hernandez,2,Human Resources,"£58,176.00",550,30/09/2016,jasmin.hernandez@richmondservice.org.uk
394,Joyce Williams,3,Engineering,"£76,637.50",379,02/05/2024,joyce.williams@richmondservice.org.uk
395,Sydney Hunt,7,IT,"£100,480.84",744,31/05/2019,sydney.hunt@richmondservice.org.uk
396,Caitlin Dunn,3,Engineering,"£136,249.65",670,15/02/2024,caitlin.dunn@richmondservice.org.uk
397,Grace Gay,2,Human Resources,"£130,043.17",630,24/05/2025,grace.gay@richmondservice.org.uk
398,Timothy Henry,7,IT,"£142,686.37",286,08/09/2015,timothy.henry@richmondservice.org.uk
399,Mark Warner,1,Finance,"£112,833.68",222,06/04/2023,mark.warner@richmondservice.org.uk
400,Cody Sanchez,8,Legal,"£83,363.50",241,10/07/2019,cody.sanchez@richmondservice.org.uk
401,Jacqueline Burns,6,Customer Service,"£41,922.55",702,05/03/2018,jacqueline.burns@richmondservice.org.uk
402,Christina Williams,6,Customer Service,"£95,335.90",660,05/11/2017,christina.williams@richmondservice.org.uk
403,Dustin Garcia,6,Customer Service,"£37,266.01",282,21/06/2015,dustin.garcia@richmondservice.org.uk
404,Kristin Young,4,Marketing,"£146,184.83",971,21/09/2018,kristin.young@richmondservice.org.uk
405,Paul Shepherd,8,Legal,"£41,000.81",217,18/12/2016,paul.shepherd@richmondservice.org.uk
406,Kyle Dillon,1,Finance,"£36,069.42",341,14/11/2021,kyle.dillon@richmondservice.org.uk
407,Samantha Figueroa,4,Marketing,"£148,658.51",805,23/05/2016,samantha.figueroa@richmondservice.org.uk
408,Tammy Walters,4,Marketing,"£38,233.22",783,25/11/2023,tammy.walters@richmondservice.org.uk
409,Jonathan Jones,4,Marketing,"£100,365.97",832,17/01/2018,jonathan.jones@richmondservice.org.uk
410,Logan Khan,4,Marketing,"£69,427.15",151,05/02/2022,logan.khan@richmondservice.org.uk
411,David Strickland,1,Finance,"£63,272.98",148,04/08/2021,david.strickland@richmondservice.org.uk
412,Michael Reed,3,Engineering,"£94,825.85",817,11/12/2022,michael.reed@richmondservice.org.uk
413,Felicia Harding,3,Engineering,"£43,191.16",887,24/12/2024,felicia.harding@richmondservice.org.uk
414,Barry Olson,1,Finance,"£45,816.39",366,24/03/2016,barry.olson@richmondservice.org.uk
415,Melissa Smith,4,Marketing,"£100,662.35",16,28/12/2019,melissa.smith@richmondservice.org.uk
416,Christopher Collins,3,Engineering,"£61,844.10",129,10/08/2020,christopher.collins@richmondservice.org.uk
417,Chad Evans,7,IT,"£93,130.26",763,07/02/2020,chad.evans@richmondservice.org.uk
418,Susan Stevens,2,Human Resources,"£87,149.52",796,11/10/2015,susan.stevens@richmondservice.org.uk
419,Aaron Johnson,6,Customer Service,"£91,588.55",111,28/09/2022,aaron.johnson@richmondservice.org.uk
420,William Ross,8,Legal,"£90,460.64",968,17/03/2022,william.ross@richmondservice.org.uk
421,Michelle Carlson,1,Finance,"£117,269.16",930,28/11/2023,michelle.carlson@richmondservice.org.uk
422,Dr. Anthony Thomas,5,Sales,"£84,965.10",987,19/05/2020,dr..anthony.thomas@richmondservice.org.uk
423,Ricky Moss,1,Finance,"£37,299.05",490,15/11/2018,ricky.moss@richmondservice.org.uk
424,William Mendoza,7,IT,"£81,152.83",110,23/02/2018,william.mendoza@richmondservice.org.uk
425,Laura Wright,8,Legal,"£115,488.16",454,07/08/2023,laura.wright@richmondservice.org.uk
426,Michelle King,2,Human Resources,"£137,912.01",329,05/09/2016,michelle.king@richmondservice.org.uk
427,Mark Woodward,3,Engineering,"£37,881.87",281,08/08/2024,mark.woodward@richmondservice.org.uk
428,Donald Branch,6,Customer Service,"£75,708.53",611,27/06/2019,donald.branch@richmondservice.org.uk
429,Samuel Hunt,5,Sales,"£84,445.85",619,25/05/2021,samuel.hunt@richmondservice.org.uk
430,Dustin Vega,7,IT,"£41,901.42",718,05/07/2024,dustin.vega@richmondservice.org.uk
431,Zoe Wiggins,2,Human Resources,"£132,335.13",666,05/03/2016,zoe.wiggins@richmondservice.org.uk
432,Sherry Simmons,4,Marketing,"£81,608.39",909,22/04/2022,sherry.simmons@richmondservice.org.uk
433,Richard Wells,4,Marketing,"£79,657.63",847,15/08/2023,richard.wells@richmondservice.org.uk
434,David Vincent,8,Legal,"£77,847.62",747,06/03/2024,david.vincent@richmondservice.org.uk
435,Tiffany Brown,2,Human Resources,"£67,505.80",320,30/07/2018,tiffany.brown@richmondservice.org.uk
436,Nicholas Schwartz,5,Sales,"£74,916.12",156,08/08/2015,nicholas.schwartz@richmondservice.org.uk
437,Brett Johnson,8,Legal,"£38,056.00",851,23/05/2019,brett.johnson@richmondservice.org.uk
438,Courtney Wilkerson,2,Human Resources,"£41,187.61",98,18/01/2021,courtney.wilkerson@richmondservice.org.uk
439,Cynthia Lewis,6,Customer Service,"£127,412.31",569,09/11/2019,cynthia.lewis@richmondservice.org.uk
440,Wayne Davis,1,Finance,"£100,375.81",575,19/10/2024,wayne.davis@richmondservice.org.uk
441,Nancy Johnson,6,Customer Service,"£110,401.59",420,07/01/2025,nancy.johnson@richmondservice.org.uk
442,Amber Williams,6,Customer Service,"£134,832.88",963,28/10/2015,amber.williams@richmondservice.org.uk
443,Jeremy Gordon,7,IT,"£134,171.06",738,26/10/2015,jeremy.gordon@richmondservice.org.uk
444,Timothy Bean DVM,1,Finance,"£146,207.84",614,30/07/2024,timothy.bean.dvm@richmondservice.org.uk
445,Calvin Phillips,5,Sales,"£72,197.54",591,25/03/2020,calvin.phillips@richmondservice.org.uk
446,Zachary Robinson,4,Marketing,"£48,567.62",493,11/03/2024,zachary.robinson@richmondservice.org.uk
447,Annette Preston,4,Marketing,"£131,672.98",358,08/01/2024,annette.preston@richmondservice.org.uk
448,David Henson,6,Customer Service,"£43,786.24",285,17/04/2022,david.henson@richmondservice.org.uk
449,Maria Wilkerson,4,Marketing,"£126,866.56",865,29/05/2022,maria.wilkerson@richmondservice.org.uk
450,Rachel Watson,1,Finance,"£103,079.39",673,22/03/2018,rachel.watson@richmondservice.org.uk
451,Brandon Diaz,5,Sales,"£33,474.38",279,04/09/2019,brandon.diaz@richmondservice.org.uk
452,Charles Woods,5,Sales,"£140,584.50",359,20/09/2024,charles.woods@richmondservice.org.uk
453,Jennifer Brown,1,Finance,"£51,768.67",146,01/11/2019,jennifer.brown@richmondservice.org.uk
454,Jesse Chase,7,IT,"£38,350.25",758,23/09/2019,jesse.chase@richmondservice.org.uk
455,Sara Ellis,1,Finance,"£41,010.92",543,23/10/2018,sara.ellis@richmondservice.org.uk
456,Aaron Richardson,4,Marketing,"£75,143.33",464,03/12/2016,aaron.richardson@richmondservice.org.uk
457,Latoya Young,6,Customer Service,"£48,889.11",319,04/02/2023,latoya.young@richmondservice.org.uk
458,Alicia Rosales,6,Customer Service,"£123,220.27",581,04/07/2021,alicia.rosales@richmondservice.org.uk
459,Jennifer Brown,2,Human Resources,"£136,001.06",159,23/12/2020,jennifer.brown@richmondservice.org.uk
460,Christopher Matthews,3,Engineering,"£120,532.31",50,08/12/2022,christopher.matthews@richmondservice.org.uk
461,Elizabeth Black,2,Human Resources,"£62,652.34",677,03/02/2021,elizabeth.black@richmondservice.org.uk
462,Kelly Vasquez,7,IT,"£88,279.40",452,23/02/2016,kelly.vasquez@richmondservice.org.uk
463,Steven Lewis,7,IT,"£62,780.02",773,05/06/2021,steven.lewis@richmondservice.org.uk
464,Tracy Martin,2,Human Resources,"£71,420.74",113,28/09/2022,tracy.martin@richmondservice.org.uk
465,Mary Wright,5,Sales,"£111,386.15",607,03/10/2016,mary.wright@richmondservice.org.uk
466,Eileen Brown,8,Legal,"£93,232.09",315,02/03/2020,eileen.brown@richmondservice.org.uk
467,Scott Murray,1,Finance,"£56,462.21",613,09/08/2017,scott.murray@richmondservice.org.uk
468,Craig Sanchez,1,Finance,"£30,922.45",308,20/12/2022,craig.sanchez@richmondservice.org.uk
469,Stephanie Underwood,4,Marketing,"£122,081.94",782,13/10/2023,stephanie.underwood@richmondservice.org.uk
470,David Wilson,5,Sales,"£64,733.66",122,14/06/2019,david.wilson@richmondservice.org.uk
471,Calvin Russell,1,Finance,"£89,686.24",440,07/12/2024,calvin.russell@richmondservice.org.uk
472,Shawn Lee,3,Engineering,"£45,502.28",545,06/03/2019,shawn.lee@richmondservice.org.uk
473,Casey Perez,4,Marketing,"£90,031.48",853,18/04/2025,casey.perez@richmondservice.org.uk
474,Jerry Flores Jr.,6,Customer Service,"£38,649.06",882,27/11/2020,jerry.flores.jr.@richmondservice.org.uk
475,Austin Franco,1,Finance,"£82,346.35",470,08/02/2017,austin.franco@richmondservice.org.uk
476,Veronica White,2,Human Resources,"£133,453.20",589,14/06/2021,veronica.white@richmondservice.org.uk
477,David Stevens,7,IT,"£98,807.96",726,04/06/2021,david.stevens@richmondservice.org.uk
478,Howard Rowland,7,IT,"£64,741.82",414,11/05/2025,howard.rowland@richmondservice.org.uk
479,Sandra Huff,1,Finance,"£145,943.96",175,05/08/2021,sandra.huff@richmondservice.org.uk
480,Diana Parsons,8,Legal,"£129,843.11",941,14/02/2019,diana.parsons@richmondservice.org.uk
481,Elizabeth Kaufman,6,Customer Service,"£40,575.59",864,06/10/2020,elizabeth.kaufman@richmondservice.org.uk
482,John Lynch,2,Human Resources,"£59,197.98",603,16/05/2023,john.lynch@richmondservice.org.uk
483,Adam Rocha,7,IT,"£92,875.51",405,22/02/2019,adam.rocha@richmondservice.org.uk
484,Shelia Martin,5,Sales,"£119,496.58",226,14/04/2025,shelia.martin@richmondservice.org.uk
485,Mary Vang,6,Customer Service,"£123,494.14",78,22/11/2019,mary.vang@richmondservice.org.uk
486,Jacqueline Walton,2,Human Resources,"£93,672.58",198,18/12/2019,jacqueline.walton@richmondservice.org.uk
487,Gerald Butler,6,Customer Service,"£72,131.97",981,04/12/2024,gerald.butler@richmondservice.org.uk
488,James Hughes,3,Engineering,"£58,352.26",149,13/12/2015,james.hughes@richmondservice.org.uk
489,Samantha Ramos,5,Sales,"£53,672.62",616,15/12/2021,samantha.ramos@richmondservice.org.uk
490,Charles Strong,3,Engineering,"£121,225.84",671,04/06/2024,charles.strong@richmondservice.org.uk
491,Steven Rush,2,Human Resources,"£51,257.54",791,24/01/2023,steven.rush@richmondservice.org.uk
492,Nicole Stephens,8,Legal,"£85,674.37",577,23/12/2015,nicole.stephens@richmondservice.org.uk
493,Heather Franklin,8,Legal,"£111,736.02",903,22/09/2019,heather.franklin@richmondservice.org.uk
494,Christopher Newman,6,Customer Service,"£133,709.62",642,09/09/2018,christopher.newman@richmondservice.org.uk
495,Matthew Lewis,6,Customer Service,"£48,114.89",69,01/09/2022,matthew.lewis@richmondservice.org.uk
496,Mr. David Miller,8,Legal,"£83,064.97",310,01/01/2021,mr..david.miller@richmondservice.org.uk
497,Robert Murphy,5,Sales,"£100,970.37",360,05/07/2019,robert.murphy@richmondservice.org.uk
498,Rodney Warren,2,Human Resources,"£67,248.94",462,30/01/2016,rodney.warren@richmondservice.org.uk
499,Michael Martinez,1,Finance,"£36,826.81",851,06/12/2020,michael.martinez@richmondservice.org.uk
500,Elizabeth Davis MD,5,Sales,"£39,207.72",884,13/01/2024,elizabeth.davis.md@richmondservice.org.uk
501,Kurt Sanchez,2,Human Resources,"£103,801.01",519,29/05/2016,kurt.sanchez@richmondservice.org.uk
502,Samuel Williams,7,IT,"£85,525.40",567,24/01/2024,samuel.williams@richmondservice.org.uk
503,Jose Joseph,1,Finance,"£83,968.04",829,18/05/2025,jose.joseph@richmondservice.org.uk
504,Olivia Velez,4,Marketing,"£68,583.21",487,23/09/2015,olivia.velez@richmondservice.org.uk
505,Sean Brooks,3,Engineering,"£144,926.68",461,19/04/2018,sean.brooks@richmondservice.org.uk
506,Catherine Carter,2,Human Resources,"£127,316.02",857,04/01/2019,catherine.carter@richmondservice.org.uk
507,Andrea Costa,6,Customer Service,"£147,886.27",86,16/01/2018,andrea.costa@richmondservice.org.uk
508,Catherine Mcclure,3,Engineering,"£34,697.06",724,05/07/2024,catherine.mcclure@richmondservice.org.uk
509,Matthew Wright,8,Legal,"£148,918.32",536,26/10/2021,matthew.wright@richmondservice.org.uk
510,Briana Huff,3,Engineering,"£73,667.76",939,31/03/2016,briana.huff@richmondservice.org.uk
511,Jon Berger,5,Sales,"£76,489.99",793,08/09/2023,jon.berger@richmondservice.org.uk
512,Angela Williams,6,Customer Service,"£111,467.73",53,17/07/2024,angela.williams@richmondservice.org.uk
513,Mackenzie Walker,6,Customer Service,"£37,909.42",96,03/02/2021,mackenzie.walker@richmondservice.org.uk
514,Lisa Mosley,7,IT,"£64,097.64",741,19/08/2015,lisa.mosley@richmondservice.org.uk
515,Deanna Baird,3,Engineering,"£70,003.44",596,11/03/2020,deanna.baird@richmondservice.org.uk
516,Stephanie Gray,3,Engineering,"£140,009.57",317,24/01/2024,stephanie.gray@richmondservice.org.uk
517,Keith Carter,7,IT,"£45,474.20",725,19/10/2023,keith.carter@richmondservice.org.uk
518,Amanda Abbott,2,Human Resources,"£67,149.83",385,07/02/2019,amanda.abbott@richmondservice.org.uk
519,Joseph Gill,6,Customer Service,"£127,582.17",686,02/05/2021,joseph.gill@richmondservice.org.uk
520,David Evans,2,Human Resources,"£107,522.98",433,26/12/2018,david.evans@richmondservice.org.uk
521,Joshua Nunez,6,Customer Service,"£32,187.66",316,26/01/2023,joshua.nunez@richmondservice.org.uk
522,Brittany Wood,3,Engineering,"£144,140.32",349,04/10/2017,brittany.wood@richmondservice.org.uk
523,Morgan Nelson,8,Legal,"£53,040.63",140,14/06/2015,morgan.nelson@richmondservice.org.uk
524,Marissa Miller,3,Engineering,"£39,259.81",864,19/08/2015,marissa.miller@richmondservice.org.uk
525,Brianna Duncan,2,Human Resources,"£90,922.77",552,09/11/2017,brianna.duncan@richmondservice.org.uk
526,William Hart,1,Finance,"£109,431.51",897,02/09/2024,william.hart@richmondservice.org.uk
527,Marissa Sullivan,3,Engineering,"£101,669.57",157,02/06/2021,marissa.sullivan@richmondservice.org.uk
528,Christopher Wright,3,Engineering,"£51,701.52",709,30/01/2021,christopher.wright@richmondservice.org.uk
529,Allison King,3,Engineering,"£116,541.96",44,08/06/2019,allison.king@richmondservice.org.uk
530,Jamie Chavez,7,IT,"£73,715.93",736,20/10/2024,jamie.chavez@richmondservice.org.uk
531,Ruth Butler,4,Marketing,"£146,350.63",625,18/06/2021,ruth.butler@richmondservice.org.uk
532,Bobby Mathis,5,Sales,"£120,286.94",802,28/06/2024,bobby.mathis@richmondservice.org.uk
533,Danielle Lam,8,Legal,"£58,080.35",244,05/05/2016,danielle.lam@richmondservice.org.uk
534,Jennifer Davis,5,Sales,"£145,871.60",803,09/09/2022,jennifer.davis@richmondservice.org.uk
535,Victoria Carter,8,Legal,"£138,476.92",198,05/06/2019,victoria.carter@richmondservice.org.uk
536,Nicholas Hoover,6,Customer Service,"£111,396.82",584,01/09/2021,nicholas.hoover@richmondservice.org.uk
537,Margaret Williamson,8,Legal,"£85,401.60",288,01/04/2025,margaret.williamson@richmondservice.org.uk
538,Bridget Ortega,7,IT,"£90,348.80",428,05/01/2025,bridget.ortega@richmondservice.org.uk
539,Francisco Berry,3,Engineering,"£128,026.95",820,17/04/2021,francisco.berry@richmondservice.org.uk
540,Heather York,3,Engineering,"£134,760.23",53,22/10/2015,heather.york@richmondservice.org.uk
541,Christopher Montgomery,8,Legal,"£134,894.03",567,10/05/2024,christopher.montgomery@richmondservice.org.uk
542,Timothy Robinson,2,Human Resources,"£115,368.12",528,07/08/2018,timothy.robinson@richmondservice.org.uk
543,Robert Lopez,2,Human Resources,"£64,207.56",781,20/05/2018,robert.lopez@richmondservice.org.uk
544,Desiree Stone,3,Engineering,"£62,734.96",927,27/06/2019,desiree.stone@richmondservice.org.uk
545,Patrick Simmons,3,Engineering,"£129,725.61",93,18/10/2022,patrick.simmons@richmondservice.org.uk
546,Gabriel Thompson,4,Marketing,"£128,004.39",905,10/06/2017,gabriel.thompson@richmondservice.org.uk
547,Michelle Gutierrez,6,Customer Service,"£141,656.63",424,25/08/2022,michelle.gutierrez@richmondservice.org.uk
548,Kyle Watts,1,Finance,"£77,574.48",382,07/08/2021,kyle.watts@richmondservice.org.uk
549,Timothy Aguirre,4,Marketing,"£76,339.93",83,19/09/2021,timothy.aguirre@richmondservice.org.uk
550,Christopher Rowe,6,Customer Service,"£56,944.65",326,05/04/2022,christopher.rowe@richmondservice.org.uk
551,Brandon Sparks,2,Human Resources,"£130,701.15",665,08/02/2025,brandon.sparks@richmondservice.org.uk
552,Rachael Mccoy,6,Customer Service,"£124,965.68",140,14/07/2018,rachael.mccoy@richmondservice.org.uk
553,Victoria Thomas,1,Finance,"£64,425.53",849,14/08/2023,victoria.thomas@richmondservice.org.uk
554,Micheal Warner,8,Legal,"£113,528.64",142,01/02/2019,micheal.warner@richmondservice.org.uk
555,Robert Benson,8,Legal,"£83,832.18",5,26/01/2016,robert.benson@richmondservice.org.uk
556,Marcus Ponce,2,Human Resources,"£32,280.47",220,11/01/2021,marcus.ponce@richmondservice.org.uk
557,Keith Collins,3,Engineering,"£95,856.51",744,17/12/2017,keith.collins@richmondservice.org.uk
558,Ashley Klein,7,IT,"£43,342.42",295,25/10/2018,ashley.klein@richmondservice.org.uk
559,Martin Jenkins,4,Marketing,"£66,138.14",48,21/06/2020,martin.jenkins@richmondservice.org.uk
560,Steven Valentine,4,Marketing,"£80,379.07",812,12/07/2016,steven.valentine@richmondservice.org.uk
561,Christopher Russo,8,Legal,"£37,536.86",856,19/02/2021,christopher.russo@richmondservice.org.uk
562,Nancy Hensley,8,Legal,"£101,608.69",16,13/01/2019,nancy.hensley@richmondservice.org.uk
563,Robert Gallagher,4,Marketing,"£116,225.32",298,16/03/2024,robert.gallagher@richmondservice.org.uk
564,Kristin Moore,7,IT,"£30,187.72",361,07/12/2017,kristin.moore@richmondservice.org.uk
565,Lisa Curtis,4,Marketing,"£98,479.65",191,24/07/2017,lisa.curtis@richmondservice.org.uk
566,Jennifer Thompson,2,Human Resources,"£92,818.15",369,07/07/2018,jennifer.thompson@richmondservice.org.uk
567,Anna Walker,2,Human Resources,"£144,408.44",557,18/12/2019,anna.walker@richmondservice.org.uk
568,Jose Howard,1,Finance,"£76,854.45",481,09/06/2017,jose.howard@richmondservice.org.uk
569,Anne Gardner,1,Finance,"£106,280.49",382,28/07/2017,anne.gardner@richmondservice.org.uk
570,Melissa Rodriguez,5,Sales,"£119,677.99",365,14/07/2017,melissa.rodriguez@richmondservice.org.uk
571,Pamela Burgess,2,Human Resources,"£71,376.30",750,31/05/2024,pamela.burgess@richmondservice.org.uk
572,Shannon Brown,2,Human Resources,"£122,580.16",752,16/02/2022,shannon.brown@richmondservice.org.uk
573,Michael Goodman,6,Customer Service,"£46,009.15",360,06/12/2018,michael.goodman@richmondservice.org.uk
574,John Benton,6,Customer Service,"£127,621.06",179,13/09/2015,john.benton@richmondservice.org.uk
575,Diana Moon,8,Legal,"£147,698.30",490,07/02/2020,diana.moon@richmondservice.org.uk
576,Larry Trujillo,3,Engineering,"£127,379.72",64,29/05/2023,larry.trujillo@richmondservice.org.uk
577,David Tucker,8,Legal,"£34,438.05",206,29/10/2022,david.tucker@richmondservice.org.uk
578,James Yoder Jr.,1,Finance,"£124,933.11",907,26/12/2023,james.yoder.jr.@richmondservice.org.uk
579,Mary Horne,1,Finance,"£67,871.50",317,04/08/2021,mary.horne@richmondservice.org.uk
580,Kenneth Clark,7,IT,"£148,694.72",556,05/12/2024,kenneth.clark@richmondservice.org.uk
581,Terri Craig,8,Legal,"£60,397.65",771,19/08/2022,terri.craig@richmondservice.org.uk
582,Kim Moses,4,Marketing,"£64,333.31",882,13/12/2022,kim.moses@richmondservice.org.uk
583,Tracey Chavez,1,Finance,"£133,895.79",339,29/09/2017,tracey.chavez@richmondservice.org.uk
584,Brandon Stone,5,Sales,"£44,937.00",376,12/06/2021,brandon.stone@richmondservice.org.uk
585,Jeremy Williams,7,IT,"£136,738.38",761,16/02/2025,jeremy.williams@richmondservice.org.uk
586,Melissa Kelley,8,Legal,"£137,356.50",395,10/07/2023,melissa.kelley@richmondservice.org.uk
587,Sophia Long,6,Customer Service,"£146,846.83",508,01/12/2019,sophia.long@richmondservice.org.uk
588,Kelly Marsh,8,Legal,"£74,081.63",816,25/11/2018,kelly.marsh@richmondservice.org.uk
589,Jordan Bryant,5,Sales,"£126,137.77",744,12/06/2019,jordan.bryant@richmondservice.org.uk
590,Mrs. Monique Rush DDS,7,IT,"£39,471.24",616,06/05/2017,mrs..monique.rush.dds@richmondservice.org.uk
591,Jeremy Hernandez,3,Engineering,"£95,456.93",328,11/07/2016,jeremy.hernandez@richmondservice.org.uk
592,Susan Brooks,2,Human Resources,"£39,608.27",676,29/03/2017,susan.brooks@richmondservice.org.uk
593,Marc Sims,5,Sales,"£66,779.50",617,06/02/2016,marc.sims@richmondservice.org.uk
594,Nichole Murray,7,IT,"£49,997.37",454,07/11/2015,nichole.murray@richmondservice.org.uk
595,Matthew Cruz,6,Customer Service,"£83,655.56",744,20/12/2021,matthew.cruz@richmondservice.org.uk
596,Christina Hughes,6,Customer Service,"£103,782.18",445,10/07/2024,christina.hughes@richmondservice.org.uk
597,Jacqueline Camacho,5,Sales,"£106,736.32",810,07/03/2024,jacqueline.camacho@richmondservice.org.uk
598,Jessica Hill,1,Finance,"£39,004.94",652,05/02/2025,jessica.hill@richmondservice.org.uk
599,David Odom,7,IT,"£73,597.34",820,13/11/2022,david.odom@richmondservice.org.uk
600,Kyle Smith,3,Engineering,"£144,334.73",146,23/10/2019,kyle.smith@richmondservice.org.uk
601,Max Alvarez,8,Legal,"£34,175.88",68,15/03/2022,max.alvarez@richmondservice.org.uk
602,Brian Parrish,4,Marketing,"£123,421.84",375,06/04/2023,brian.parrish@richmondservice.org.uk
603,Travis Long,6,Customer Service,"£75,942.53",580,22/06/2021,travis.long@richmondservice.org.uk
604,Courtney Velasquez,1,Finance,"£102,611.38",695,03/01/2016,courtney.velasquez@richmondservice.org.uk
605,Stephanie King,8,Legal,"£143,858.82",380,30/04/2022,stephanie.king@richmondservice.org.uk
606,Joseph Johnson,8,Legal,"£121,570.14",587,04/05/2016,joseph.johnson@richmondservice.org.uk
607,Christie Moore,3,Engineering,"£93,535.19",407,19/08/2022,christie.moore@richmondservice.org.uk
608,Elizabeth Rodriguez,6,Customer Service,"£107,947.29",255,11/08/2024,elizabeth.rodriguez@richmondservice.org.uk
609,Tyrone Harris,2,Human Resources,"£33,109.60",190,21/11/2023,tyrone.harris@richmondservice.org.uk
610,Derek Simmons,8,Legal,"£92,129.43",935,25/05/2017,derek.simmons@richmondservice.org.uk
611,Philip Johnson,2,Human Resources,"£61,413.20",266,04/11/2016,philip.johnson@richmondservice.org.uk
612,Michael Brown,8,Legal,"£55,748.45",626,09/05/2018,michael.brown@richmondservice.org.uk
613,Nathaniel Hickman,5,Sales,"£113,277.68",502,22/12/2020,nathaniel.hickman@richmondservice.org.uk
614,Alyssa Davis,4,Marketing,"£44,716.49",873,13/03/2016,alyssa.davis@richmondservice.org.uk
615,Samantha Francis,2,Human Resources,"£84,245.12",920,30/10/2015,samantha.francis@richmondservice.org.uk
616,Micheal Miller,8,Legal,"£149,671.49",829,02/01/2025,micheal.miller@richmondservice.org.uk
617,Kimberly Simpson,6,Customer Service,"£110,140.77",726,13/12/2019,kimberly.simpson@richmondservice.org.uk
618,Allison Clark,2,Human Resources,"£95,999.66",297,13/03/2022,allison.clark@richmondservice.org.uk
619,Jon Aguilar,5,Sales,"£132,163.45",728,24/09/2020,jon.aguilar@richmondservice.org.uk
620,Stephanie Gray,3,Engineering,"£125,243.57",520,29/08/2023,stephanie.gray@richmondservice.org.uk
621,Michael Mendez,4,Marketing,"£44,563.49",205,23/03/2018,michael.mendez@richmondservice.org.uk
622,Katherine Bowers,3,Engineering,"£58,408.34",505,25/08/2019,katherine.bowers@richmondservice.org.uk
623,Ronald George,1,Finance,"£73,307.58",586,05/07/2016,ronald.george@richmondservice.org.uk
624,Tonya Murphy,6,Customer Service,"£86,088.70",564,07/03/2016,tonya.murphy@richmondservice.org.uk
625,Justin Cordova,3,Engineering,"£103,433.80",88,30/06/2016,justin.cordova@richmondservice.org.uk
626,Matthew Wu,2,Human Resources,"£67,114.89",734,06/04/2018,matthew.wu@richmondservice.org.uk
627,Jeffery Simmons,8,Legal,"£93,083.48",787,07/02/2020,jeffery.simmons@richmondservice.org.uk
628,Mary Meza,7,IT,"£128,800.73",75,04/08/2021,mary.meza@richmondservice.org.uk
629,Dustin Wilson,3,Engineering,"£146,685.57",657,20/08/2023,dustin.wilson@richmondservice.org.uk
630,Garrett Smith,2,Human Resources,"£83,996.94",696,29/01/2023,garrett.smith@richmondservice.org.uk
631,Crystal Myers,6,Customer Service,"£45,400.15",848,01/03/2024,crystal.myers@richmondservice.org.uk
632,Thomas Morris,3,Engineering,"£122,133.80",132,01/06/2018,thomas.morris@richmondservice.org.uk
633,Bruce Hill,7,IT,"£90,343.65",889,23/12/2017,bruce.hill@richmondservice.org.uk
634,Melissa Gray,1,Finance,"£129,766.90",530,15/11/2019,melissa.gray@richmondservice.org.uk
635,Kyle Brown,3,Engineering,"£66,494.95",165,08/04/2017,kyle.brown@richmondservice.org.uk
636,Tonya Stanton,6,Customer Service,"£142,168.54",230,10/08/2019,tonya.stanton@richmondservice.org.uk
637,Kelly Castro,6,Customer Service,"£143,697.98",531,10/12/2023,kelly.castro@richmondservice.org.uk
638,Belinda Woodard,5,Sales,"£131,512.04",256,25/04/2020,belinda.woodard@richmondservice.org.uk
639,Megan Mcintyre,4,Marketing,"£106,206.85",564,25/11/2019,megan.mcintyre@richmondservice.org.uk
640,Tammy Jackson,5,Sales,"£45,020.44",310,29/11/2018,tammy.jackson@richmondservice.org.uk
641,Angel Johnston,2,Human Resources,"£90,308.78",172,09/04/2017,angel.johnston@richmondservice.org.uk
642,William Knight,3,Engineering,"£50,544.07",639,10/12/2019,william.knight@richmondservice.org.uk
643,Aaron Lopez,6,Customer Service,"£131,103.60",577,21/05/2018,aaron.lopez@richmondservice.org.uk
644,Joshua Ramirez,1,Finance,"£129,028.35",29,20/07/2017,joshua.ramirez@richmondservice.org.uk
645,Brandon Holmes,2,Human Resources,"£35,455.42",656,09/11/2018,brandon.holmes@richmondservice.org.uk
646,Ms. Kelly Case,5,Sales,"£108,135.60",785,11/06/2018,ms..kelly.case@richmondservice.org.uk
647,Lisa Willis,7,IT,"£104,173.01",31,01/10/2017,lisa.willis@richmondservice.org.uk
648,Taylor Schultz,8,Legal,"£136,679.63",558,13/05/2022,taylor.schultz@richmondservice.org.uk
649,Ronald Martinez,5,Sales,"£107,028.87",309,02/06/2023,ronald.martinez@richmondservice.org.uk
650,Troy Hoover,8,Legal,"£59,385.35",826,01/11/2021,troy.hoover@richmondservice.org.uk
651,Maria Owen,7,IT,"£65,692.06",74,20/06/2019,maria.owen@richmondservice.org.uk
652,Charles Alexander,1,Finance,"£48,969.65",425,17/08/2015,charles.alexander@richmondservice.org.uk
653,Elizabeth Yu,8,Legal,"£85,733.06",348,09/12/2024,elizabeth.yu@richmondservice.org.uk
654,Erin Lee,3,Engineering,"£67,509.90",735,30/12/2022,erin.lee@richmondservice.org.uk
655,Jeremiah Bennett,6,Customer Service,"£118,103.97",881,24/09/2021,jeremiah.bennett@richmondservice.org.uk
656,Chad Weaver,6,Customer Service,"£147,044.90",133,21/08/2018,chad.weaver@richmondservice.org.uk
657,Gerald Wagner,6,Customer Service,"£91,797.62",108,01/10/2016,gerald.wagner@richmondservice.org.uk
658,Bailey Warren,6,Customer Service,"£59,008.54",125,28/11/2015,bailey.warren@richmondservice.org.uk
659,Ashley Vasquez,5,Sales,"£83,951.52",144,16/06/2020,ashley.vasquez@richmondservice.org.uk
660,Sarah Davis,2,Human Resources,"£36,072.64",968,28/08/2020,sarah.davis@richmondservice.org.uk
661,David Herrera,7,IT,"£133,699.66",428,04/12/2018,david.herrera@richmondservice.org.uk
662,Christian Monroe,4,Marketing,"£145,522.30",923,02/01/2018,christian.monroe@richmondservice.org.uk
663,Justin Aguilar,3,Engineering,"£127,617.34",956,01/04/2017,justin.aguilar@richmondservice.org.uk
664,Jessica Berry,6,Customer Service,"£52,780.09",163,25/10/2021,jessica.berry@richmondservice.org.uk
665,James Johnson,8,Legal,"£149,516.33",478,03/12/2024,james.johnson@richmondservice.org.uk
666,Rachel Flores,8,Legal,"£135,489.08",509,22/02/2024,rachel.flores@richmondservice.org.uk
667,Kevin Singh,1,Finance,"£40,805.89",402,14/03/2025,kevin.singh@richmondservice.org.uk
668,Emily Higgins,8,Legal,"£146,002.40",220,02/10/2021,emily.higgins@richmondservice.org.uk
669,Emily Taylor PhD,6,Customer Service,"£35,838.98",288,27/10/2022,emily.taylor.phd@richmondservice.org.uk
670,Amber Spencer,8,Legal,"£101,702.25",863,04/08/2023,amber.spencer@richmondservice.org.uk
671,Lisa Gonzalez,8,Legal,"£64,289.81",8,18/07/2021,lisa.gonzalez@richmondservice.org.uk
672,Paul Bryant,2,Human Resources,"£81,711.33",903,18/08/2020,paul.bryant@richmondservice.org.uk
673,John Brown MD,5,Sales,"£117,300.97",782,26/04/2020,john.brown.md@richmondservice.org.uk
674,Mrs. Brenda Williams,7,IT,"£73,912.48",410,16/12/2019,mrs..brenda.williams@richmondservice.org.uk
675,Anthony Hall,1,Finance,"£98,433.80",199,08/05/2025,anthony.hall@richmondservice.org.uk
676,Danielle Hill,6,Customer Service,"£96,386.75",75,22/09/2018,danielle.hill@richmondservice.org.uk
677,Austin Farmer,7,IT,"£90,510.66",782,03/04/2018,austin.farmer@richmondservice.org.uk
678,Stephanie Case,5,Sales,"£129,037.36",638,17/04/2020,stephanie.case@richmondservice.org.uk
679,Amanda Smith,2,Human Resources,"£45,439.61",99,17/09/2020,amanda.smith@richmondservice.org.uk
680,Nicole Berry,7,IT,"£74,783.80",347,10/04/2025,nicole.berry@richmondservice.org.uk
681,Carl Hill,6,Customer Service,"£120,595.82",203,09/06/2019,carl.hill@richmondservice.org.uk
682,Debbie Dorsey,7,IT,"£90,009.35",46,12/02/2025,debbie.dorsey@richmondservice.org.uk
683,Matthew Chapman,1,Finance,"£46,444.36",341,26/10/2018,matthew.chapman@richmondservice.org.uk
684,Daniel Coleman II,8,Legal,"£92,319.93",152,04/04/2016,daniel.coleman.ii@richmondservice.org.uk
685,Barbara Curtis,3,Engineering,"£69,355.90",627,13/12/2020,barbara.curtis@richmondservice.org.uk
686,Gregory Moore,6,Customer Service,"£49,500.25",631,17/11/2024,gregory.moore@richmondservice.org.uk
687,Collin Cisneros,5,Sales,"£101,246.96",519,12/05/2024,collin.cisneros@richmondservice.org.uk
688,Susan Ortiz,8,Legal,"£115,048.78",306,06/06/2015,susan.ortiz@richmondservice.org.uk
689,Natasha Flores,8,Legal,"£127,889.86",377,20/08/2024,natasha.flores@richmondservice.org.uk
690,Ryan Cook,6,Customer Service,"£110,856.77",426,04/01/2023,ryan.cook@richmondservice.org.uk
691,Cody Martin,5,Sales,"£125,610.58",742,25/12/2022,cody.martin@richmondservice.org.uk
692,Laura Mendez,1,Finance,"£101,629.15",271,26/08/2017,laura.mendez@richmondservice.org.uk
693,Gregory Watson,4,Marketing,"£116,568.01",597,12/08/2015,gregory.watson@richmondservice.org.uk
694,Kevin Allen,8,Legal,"£50,461.45",644,01/11/2022,kevin.allen@richmondservice.org.uk
695,Michael Brooks MD,7,IT,"£47,733.08",697,13/11/2023,michael.brooks.md@richmondservice.org.uk
696,Diana Pittman,4,Marketing,"£33,788.46",970,10/12/2021,diana.pittman@richmondservice.org.uk
697,Terri Pierce,2,Human Resources,"£52,894.12",451,28/09/2015,terri.pierce@richmondservice.org.uk
698,Arthur Lang,6,Customer Service,"£80,253.64",422,21/01/2017,arthur.lang@richmondservice.org.uk
699,Emily Watson,4,Marketing,"£79,245.29",793,11/05/2021,emily.watson@richmondservice.org.uk
700,Scott Evans,8,Legal,"£134,738.13",753,11/06/2024,scott.evans@richmondservice.org.uk
701,Sarah Morris,1,Finance,"£114,693.03",531,23/12/2024,sarah.morris@richmondservice.org.uk
702,Patrick Stafford,4,Marketing,"£97,306.41",678,01/01/2023,patrick.stafford@richmondservice.org.uk
703,Mrs. Kathleen Osborn,8,Legal,"£93,057.26",321,17/09/2023,mrs..kathleen.osborn@richmondservice.org.uk
704,Angela Sandoval,3,Engineering,"£85,159.62",545,23/11/2018,angela.sandoval@richmondservice.org.uk
705,Diane Lin,6,Customer Service,"£95,552.79",692,25/09/2024,diane.lin@richmondservice.org.uk
706,Steven Lowery,5,Sales,"£103,209.19",196,09/10/2023,steven.lowery@richmondservice.org.uk
707,Diana Smith,4,Marketing,"£63,480.77",305,21/03/2024,diana.smith@richmondservice.org.uk
708,Miss Melanie Cruz,4,Marketing,"£142,978.27",304,20/01/2024,miss.melanie.cruz@richmondservice.org.uk
709,Cory Hoover,5,Sales,"£114,588.11",706,13/02/2025,cory.hoover@richmondservice.org.uk
710,Jennifer Delgado,8,Legal,"£68,044.89",357,11/09/2019,jennifer.delgado@richmondservice.org.uk
711,Joseph Wang,5,Sales,"£64,534.73",587,04/02/2024,joseph.wang@richmondservice.org.uk
712,Jake Allen,7,IT,"£137,491.26",404,11/03/2017,jake.allen@richmondservice.org.uk
713,Briana Bradford,6,Customer Service,"£144,553.06",823,24/04/2019,briana.bradford@richmondservice.org.uk
714,Mr. Richard Ellison,3,Engineering,"£64,854.32",294,17/08/2016,mr..richard.ellison@richmondservice.org.uk
715,Cody Walton,2,Human Resources,"£71,563.62",452,13/06/2021,cody.walton@richmondservice.org.uk
716,Joseph Gonzalez,5,Sales,"£119,680.62",219,11/03/2019,joseph.gonzalez@richmondservice.org.uk
717,Damon Johnson,4,Marketing,"£129,354.20",277,12/09/2023,damon.johnson@richmondservice.org.uk
718,Ronald Phillips,5,Sales,"£46,472.75",630,23/07/2019,ronald.phillips@richmondservice.org.uk
719,Tiffany Brown,4,Marketing,"£59,094.96",685,20/04/2023,tiffany.brown@richmondservice.org.uk
720,Bradley Brown,4,Marketing,"£106,553.35",53,02/02/2017,bradley.brown@richmondservice.org.uk
721,Philip Ferguson,2,Human Resources,"£79,596.16",734,19/02/2018,philip.ferguson@richmondservice.org.uk
722,Larry Waters,8,Legal,"£42,065.39",789,06/03/2018,larry.waters@richmondservice.org.uk
723,Logan Morton,3,Engineering,"£30,621.77",563,14/10/2018,logan.morton@richmondservice.org.uk
724,Donna Flores,3,Engineering,"£78,828.89",957,17/01/2022,donna.flores@richmondservice.org.uk
725,Kelsey Jackson,8,Legal,"£87,293.82",204,20/06/2017,kelsey.jackson@richmondservice.org.uk
726,William Mcgee,5,Sales,"£68,540.12",661,12/02/2024,william.mcgee@richmondservice.org.uk
727,Barbara Henderson,1,Finance,"£138,952.44",91,14/01/2020,barbara.henderson@richmondservice.org.uk
728,Nichole Taylor,4,Marketing,"£94,218.27",740,04/08/2023,nichole.taylor@richmondservice.org.uk
729,Melissa Hansen,1,Finance,"£139,587.57",179,09/09/2021,melissa.hansen@richmondservice.org.uk
730,Christopher Moran,7,IT,"£135,869.40",180,23/12/2015,christopher.moran@richmondservice.org.uk
731,Ashley Fields,1,Finance,"£149,660.62",406,17/02/2023,ashley.fields@richmondservice.org.uk
732,Justin Ward,8,Legal,"£52,357.40",766,31/10/2019,justin.ward@richmondservice.org.uk
733,Nicholas Weeks,5,Sales,"£135,209.18",9,06/06/2018,nicholas.weeks@richmondservice.org.uk
734,Janet Cannon,5,Sales,"£98,155.42",109,28/04/2025,janet.cannon@richmondservice.org.uk
735,Laura Carter,6,Customer Service,"£64,147.40",656,28/11/2022,laura.carter@richmondservice.org.uk
736,Jeanne Alvarado,8,Legal,"£136,711.20",137,30/10/2019,jeanne.alvarado@richmondservice.org.uk
737,Makayla Salinas,8,Legal,"£62,740.45",828,19/06/2017,makayla.salinas@richmondservice.org.uk
738,Peter Smith,2,Human Resources,"£69,682.09",748,02/02/2017,peter.smith@richmondservice.org.uk
739,Brenda Jordan,8,Legal,"£107,794.24",735,29/04/2016,brenda.jordan@richmondservice.org.uk
740,Maria Weiss,3,Engineering,"£31,690.10",345,10/12/2023,maria.weiss@richmondservice.org.uk
741,Barbara Velez,5,Sales,"£98,133.75",775,21/12/2023,barbara.velez@richmondservice.org.uk
742,Megan Kirby,4,Marketing,"£51,059.39",876,19/08/2020,megan.kirby@richmondservice.org.uk
743,Paul Robinson,7,IT,"£129,238.78",527,24/07/2015,paul.robinson@richmondservice.org.uk
744,Jesse Wilcox,6,Customer Service,"£40,408.53",685,23/11/2017,jesse.wilcox@richmondservice.org.uk
745,Gwendolyn Hardin,2,Human Resources,"£52,173.74",143,31/08/2020,gwendolyn.hardin@richmondservice.org.uk
746,Hector Davila,8,Legal,"£68,832.20",254,07/09/2019,hector.davila@richmondservice.org.uk
747,Keith Cooper,1,Finance,"£61,294.23",241,08/01/2018,keith.cooper@richmondservice.org.uk
748,Amanda Payne,8,Legal,"£120,450.80",976,14/02/2021,amanda.payne@richmondservice.org.uk
749,Howard Oneill,6,Customer Service,"£66,233.50",740,22/10/2016,howard.oneill@richmondservice.org.uk
750,Ronald Wright,1,Finance,"£61,386.38",368,10/12/2015,ronald.wright@richmondservice.org.uk
751,Mr. Kent Williams,4,Marketing,"£37,454.92",121,07/02/2018,mr..kent.williams@richmondservice.org.uk
752,Kelly Richards,8,Legal,"£66,816.76",415,01/05/2020,kelly.richards@richmondservice.org.uk
753,Erik Proctor,5,Sales,"£112,834.85",654,03/07/2019,erik.proctor@richmondservice.org.uk
754,Kimberly Cantrell,5,Sales,"£74,105.27",226,06/02/2021,kimberly.cantrell@richmondservice.org.uk
755,Kristy Johnson,4,Marketing,"£144,883.26",489,13/02/2019,kristy.johnson@richmondservice.org.uk
756,Jacob Clay,3,Engineering,"£84,597.44",620,19/10/2024,jacob.clay@richmondservice.org.uk
757,William Rollins,6,Customer Service,"£79,901.47",562,26/05/2016,william.rollins@richmondservice.org.uk
758,Robert Douglas,8,Legal,"£120,882.06",821,20/06/2018,robert.douglas@richmondservice.org.uk
759,Daniel Walters,4,Marketing,"£121,423.15",696,08/06/2021,daniel.walters@richmondservice.org.uk
760,Sarah Roberson,2,Human Resources,"£93,060.80",540,30/04/2020,sarah.roberson@richmondservice.org.uk
761,Amy Melton,6,Customer Service,"£39,372.33",577,09/03/2017,amy.melton@richmondservice.org.uk
762,Tiffany Weber,2,Human Resources,"£37,410.97",560,17/05/2021,tiffany.weber@richmondservice.org.uk
763,Craig Mitchell,4,Marketing,"£98,724.20",153,04/08/2023,craig.mitchell@richmondservice.org.uk
764,Edward Brown,3,Engineering,"£69,374.12",532,12/06/2015,edward.brown@richmondservice.org.uk
765,Ashley Cox,8,Legal,"£43,948.80",210,29/10/2024,ashley.cox@richmondservice.org.uk
766,Stacey Meyers,8,Legal,"£40,913.00",522,17/02/2023,stacey.meyers@richmondservice.org.uk
767,Michael Lewis,8,Legal,"£127,043.05",464,21/06/2017,michael.lewis@richmondservice.org.uk
768,Stacy Sexton,3,Engineering,"£91,589.74",467,03/04/2020,stacy.sexton@richmondservice.org.uk
769,William Mendez,1,Finance,"£97,055.66",688,16/02/2020,william.mendez@richmondservice.org.uk
770,Terri Edwards,5,Sales,"£116,793.61",405,22/07/2015,terri.edwards@richmondservice.org.uk
771,Bruce Greer,5,Sales,"£127,974.39",763,07/08/2021,bruce.greer@richmondservice.org.uk
772,Lynn Davis,4,Marketing,"£99,397.35",46,11/08/2016,lynn.davis@richmondservice.org.uk
773,Jamie Duran,7,IT,"£71,343.46",65,12/09/2023,jamie.duran@richmondservice.org.uk
774,Denise Smith,1,Finance,"£142,149.94",70,24/03/2018,denise.smith@richmondservice.org.uk
775,Matthew Smith,8,Legal,"£33,808.18",418,12/03/2022,matthew.smith@richmondservice.org.uk
776,Michelle Thompson,3,Engineering,"£122,276.65",784,26/04/2021,michelle.thompson@richmondservice.org.uk
777,Sean Jones,7,IT,"£74,935.31",912,15/04/2020,sean.jones@richmondservice.org.uk
778,Sean Freeman,7,IT,"£83,824.46",939,28/05/2018,sean.freeman@richmondservice.org.uk
779,James Gomez,7,IT,"£75,077.46",699,25/07/2018,james.gomez@richmondservice.org.uk
780,Alicia Perez,3,Engineering,"£108,424.09",356,06/01/2018,alicia.perez@richmondservice.org.uk
781,Larry Ortiz,2,Human Resources,"£51,416.84",550,14/09/2022,larry.ortiz@richmondservice.org.uk
782,John Henry,7,IT,"£93,461.10",745,14/10/2024,john.henry@richmondservice.org.uk
783,Steven Finley,4,Marketing,"£130,178.59",774,09/10/2018,steven.finley@richmondservice.org.uk
784,Craig Clark,1,Finance,"£147,418.88",474,07/12/2023,craig.clark@richmondservice.org.uk
785,Andrew Peterson,7,IT,"£93,832.03",843,18/04/2021,andrew.peterson@richmondservice.org.uk
786,Elizabeth Dodson,4,Marketing,"£59,701.44",354,19/04/2019,elizabeth.dodson@richmondservice.org.uk
787,Amy Howe,3,Engineering,"£63,077.97",959,28/12/2019,amy.howe@richmondservice.org.uk
788,Sarah Perez,2,Human Resources,"£33,866.08",676,07/05/2017,sarah.perez@richmondservice.org.uk
789,Thomas Franklin,7,IT,"£103,790.78",958,10/11/2022,thomas.franklin@richmondservice.org.uk
790,Erica Garcia,1,Finance,"£58,879.96",68,23/12/2016,erica.garcia@richmondservice.org.uk
791,Abigail Price,2,Human Resources,"£101,273.30",457,05/11/2020,abigail.price@richmondservice.org.uk
792,Charles Davis,1,Finance,"£59,368.10",45,25/09/2015,charles.davis@richmondservice.org.uk
793,Marilyn Rhodes,7,IT,"£82,675.54",552,23/04/2022,marilyn.rhodes@richmondservice.org.uk
794,Theodore Jenkins,4,Marketing,"£120,526.29",794,13/09/2017,theodore.jenkins@richmondservice.org.uk
795,Robert Mitchell,1,Finance,"£46,816.27",296,11/03/2020,robert.mitchell@richmondservice.org.uk
796,Martin Santiago,4,Marketing,"£127,894.35",749,30/09/2024,martin.santiago@richmondservice.org.uk
797,Alejandra Melendez,6,Customer Service,"£99,296.98",791,29/11/2022,alejandra.melendez@richmondservice.org.uk
798,Chad Bryan,6,Customer Service,"£58,428.48",897,25/05/2020,chad.bryan@richmondservice.org.uk
799,Stacy Duran,3,Engineering,"£148,283.47",533,02/03/2018,stacy.duran@richmondservice.org.uk
800,Mr. Michael Bauer,4,Marketing,"£79,627.22",281,02/02/2019,mr..michael.bauer@richmondservice.org.uk
801,Mark Tanner,1,Finance,"£96,806.17",605,19/12/2023,mark.tanner@richmondservice.org.uk
802,Carla Davis,3,Engineering,"£105,119.18",437,16/11/2019,carla.davis@richmondservice.org.uk
803,Michael Thompson,8,Legal,"£35,626.09",352,26/09/2019,michael.thompson@richmondservice.org.uk
804,Steven Hines,7,IT,"£124,296.55",326,20/04/2022,steven.hines@richmondservice.org.uk
805,Tyler Jones,7,IT,"£78,991.10",307,28/12/2015,tyler.jones@richmondservice.org.uk
806,Mary Mccoy,7,IT,"£52,065.48",550,26/07/2017,mary.mccoy@richmondservice.org.uk
807,Stephanie Scott,8,Legal,"£58,916.18",230,01/12/2018,stephanie.scott@richmondservice.org.uk
808,Lucas Rios,5,Sales,"£132,904.95",147,05/05/2019,lucas.rios@richmondservice.org.uk
809,Ann May,8,Legal,"£139,768.94",575,13/05/2016,ann.may@richmondservice.org.uk
810,Brandi Mahoney,7,IT,"£146,134.34",570,17/10/2023,brandi.mahoney@richmondservice.org.uk
811,Joseph Parks,3,Engineering,"£76,610.29",261,30/05/2021,joseph.parks@richmondservice.org.uk
812,Eric Barber,4,Marketing,"£69,631.56",80,08/04/2022,eric.barber@richmondservice.org.uk
813,Elizabeth Ross,8,Legal,"£131,656.01",94,04/04/2019,elizabeth.ross@richmondservice.org.uk
814,Brandy Castillo,4,Marketing,"£36,184.40",386,04/11/2024,brandy.castillo@richmondservice.org.uk
815,Crystal Young,1,Finance,"£134,834.46",192,20/08/2017,crystal.young@richmondservice.org.uk
816,Makayla Fischer,4,Marketing,"£87,527.30",890,05/12/2021,makayla.fischer@richmondservice.org.uk
817,Zachary Leon,6,Customer Service,"£66,382.56",930,14/09/2015,zachary.leon@richmondservice.org.uk
818,Kelly Johnson,1,Finance,"£55,416.93",194,03/11/2022,kelly.johnson@richmondservice.org.uk
819,Tracy Moreno,2,Human Resources,"£119,625.51",772,06/08/2015,tracy.moreno@richmondservice.org.uk
820,Terry Silva,8,Legal,"£139,732.96",712,26/01/2016,terry.silva@richmondservice.org.uk
821,Paula Noble,4,Marketing,"£77,595.85",245,30/12/2015,paula.noble@richmondservice.org.uk
822,Jacqueline Webster,6,Customer Service,"£123,061.67",389,26/01/2017,jacqueline.webster@richmondservice.org.uk
823,Shannon Dominguez,8,Legal,"£94,038.02",367,05/06/2017,shannon.dominguez@richmondservice.org.uk
824,Jeffrey Fox,5,Sales,"£61,387.40",525,22/08/2022,jeffrey.fox@richmondservice.org.uk
825,Virginia Bradford,8,Legal,"£85,920.49",822,02/03/2020,virginia.bradford@richmondservice.org.uk
826,Jose Austin,8,Legal,"£121,395.48",327,15/12/2023,jose.austin@richmondservice.org.uk
827,Tina Miller,4,Marketing,"£74,484.59",423,09/11/2017,tina.miller@richmondservice.org.uk
828,Ann Obrien,1,Finance,"£97,502.97",226,02/06/2023,ann.obrien@richmondservice.org.uk
829,Beth Richardson,3,Engineering,"£31,946.39",566,25/03/2022,beth.richardson@richmondservice.org.uk
830,Bruce Johnson,7,IT,"£65,423.07",200,03/08/2019,bruce.johnson@richmondservice.org.uk
831,Eugene Bullock,6,Customer Service,"£57,602.24",583,17/05/2024,eugene.bullock@richmondservice.org.uk
832,Timothy Evans,4,Marketing,"£89,916.18",670,03/04/2018,timothy.evans@richmondservice.org.uk
833,Robin Tate,6,Customer Service,"£60,879.21",841,02/11/2015,robin.tate@richmondservice.org.uk
834,Deborah Davis,8,Legal,"£145,980.99",657,23/08/2016,deborah.davis@richmondservice.org.uk
835,Matthew Chang,8,Legal,"£85,299.48",750,06/09/2020,matthew.chang@richmondservice.org.uk
836,Rhonda Garcia,6,Customer Service,"£50,311.89",737,04/04/2022,rhonda.garcia@richmondservice.org.uk
837,Elizabeth Fleming,8,Legal,"£52,085.73",910,01/06/2023,elizabeth.fleming@richmondservice.org.uk
838,Anthony Williams,1,Finance,"£92,873.33",859,17/11/2019,anthony.williams@richmondservice.org.uk
839,Emily Garrison,2,Human Resources,"£143,422.57",684,23/02/2024,emily.garrison@richmondservice.org.uk
840,James Watson,1,Finance,"£121,720.66",422,15/03/2024,james.watson@richmondservice.org.uk
841,Alexander Nelson,3,Engineering,"£131,105.37",236,09/04/2021,alexander.nelson@richmondservice.org.uk
842,Paula Escobar,2,Human Resources,"£114,860.35",9,10/08/2015,paula.escobar@richmondservice.org.uk
843,Heather Douglas,4,Marketing,"£90,687.95",382,15/01/2025,heather.douglas@richmondservice.org.uk
844,Benjamin Warren,1,Finance,"£104,140.23",682,01/11/2017,benjamin.warren@richmondservice.org.uk
845,Brandy Nelson,8,Legal,"£109,114.12",16,17/09/2016,brandy.nelson@richmondservice.org.uk
846,Mark Sloan,1,Finance,"£93,865.50",421,06/03/2017,mark.sloan@richmondservice.org.uk
847,Jamie Rice,1,Finance,"£32,007.14",739,21/02/2020,jamie.rice@richmondservice.org.uk
848,Corey Butler,5,Sales,"£94,288.57",293,14/08/2017,corey.butler@richmondservice.org.uk
849,Marcus West,1,Finance,"£90,265.92",714,03/03/2017,marcus.west@richmondservice.org.uk
850,Francisco Long,7,IT,"£126,740.12",931,02/10/2019,francisco.long@richmondservice.org.uk
851,Lisa Walker,3,Engineering,"£42,841.97",98,05/10/2024,lisa.walker@richmondservice.org.uk
852,Alison Davis,3,Engineering,"£58,916.26",634,16/10/2019,alison.davis@richmondservice.org.uk
853,Brianna White,5,Sales,"£127,825.73",273,14/12/2016,brianna.white@richmondservice.org.uk
854,Stephanie Austin,7,IT,"£39,482.31",982,03/03/2023,stephanie.austin@richmondservice.org.uk
855,Caleb Bowers,7,IT,"£85,079.73",249,18/09/2024,caleb.bowers@richmondservice.org.uk
856,Kayla Smith,4,Marketing,"£65,996.96",847,19/06/2017,kayla.smith@richmondservice.org.uk
857,Christina Rosales,2,Human Resources,"£108,448.29",878,31/12/2023,christina.rosales@richmondservice.org.uk
858,Hannah Walker,1,Finance,"£41,220.06",388,30/06/2020,hannah.walker@richmondservice.org.uk
859,Robert Delgado,7,IT,"£96,324.17",57,28/10/2015,robert.delgado@richmondservice.org.uk
860,Brandy Torres DDS,1,Finance,"£114,341.42",84,09/01/2024,brandy.torres.dds@richmondservice.org.uk
861,Sheri Hamilton,8,Legal,"£131,439.58",660,23/09/2023,sheri.hamilton@richmondservice.org.uk
862,Gary Wheeler,6,Customer Service,"£97,902.80",878,05/08/2023,gary.wheeler@richmondservice.org.uk
863,Megan Wagner,2,Human Resources,"£137,374.95",941,26/10/2024,megan.wagner@richmondservice.org.uk
864,Franklin Park,1,Finance,"£57,571.98",922,29/01/2025,franklin.park@richmondservice.org.uk
865,Zachary Mcclure,8,Legal,"£62,531.41",946,26/02/2023,zachary.mcclure@richmondservice.org.uk
866,Michael Harris,2,Human Resources,"£112,131.45",287,30/11/2016,michael.harris@richmondservice.org.uk
867,Cody Finley,1,Finance,"£51,522.54",870,29/11/2023,cody.finley@richmondservice.org.uk
868,Kimberly Williams,6,Customer Service,"£31,878.97",212,07/10/2017,kimberly.williams@richmondservice.org.uk
869,Kristina Barton,3,Engineering,"£120,270.54",729,29/08/2018,kristina.barton@richmondservice.org.uk
870,Johnny Mccoy,7,IT,"£141,464.99",306,05/09/2022,johnny.mccoy@richmondservice.org.uk
871,Julie Curtis,3,Engineering,"£97,674.98",580,08/01/2019,julie.curtis@richmondservice.org.uk
872,Sierra West,7,IT,"£111,244.20",553,16/07/2023,sierra.west@richmondservice.org.uk
873,Nathan Shaw,6,Customer Service,"£76,061.55",757,21/03/2019,nathan.shaw@richmondservice.org.uk
874,Nicholas Perez,3,Engineering,"£124,859.77",705,28/02/2022,nicholas.perez@richmondservice.org.uk
875,William Sanders,2,Human Resources,"£90,095.14",997,15/07/2017,william.sanders@richmondservice.org.uk
876,Ashley Patterson,6,Customer Service,"£36,443.57",447,09/02/2017,ashley.patterson@richmondservice.org.uk
877,Rebecca Greene,4,Marketing,"£130,640.96",348,12/10/2015,rebecca.greene@richmondservice.org.uk
878,Duane Blake,7,IT,"£146,270.46",334,01/10/2024,duane.blake@richmondservice.org.uk
879,Melvin Huff,1,Finance,"£106,094.75",802,26/07/2020,melvin.huff@richmondservice.org.uk
880,Donald Ramirez,8,Legal,"£88,872.41",364,23/06/2020,donald.ramirez@richmondservice.org.uk
881,David Jackson,7,IT,"£81,821.75",696,03/12/2021,david.jackson@richmondservice.org.uk
882,Robin Kelley,7,IT,"£40,283.29",633,23/10/2024,robin.kelley@richmondservice.org.uk
883,Denise Winters,5,Sales,"£125,766.62",730,25/02/2018,denise.winters@richmondservice.org.uk
884,Elizabeth Smith,2,Human Resources,"£39,844.56",157,05/05/2022,elizabeth.smith@richmondservice.org.uk
885,Robert Garcia,7,IT,"£115,401.26",649,03/05/2019,robert.garcia@richmondservice.org.uk
886,Patricia Campbell,3,Engineering,"£118,758.63",324,30/05/2023,patricia.campbell@richmondservice.org.uk
887,David Austin,6,Customer Service,"£42,786.11",5,08/06/2021,david.austin@richmondservice.org.uk
888,Deanna Nelson PhD,5,Sales,"£83,368.30",779,28/11/2016,deanna.nelson.phd@richmondservice.org.uk
889,Justin Buchanan,5,Sales,"£42,267.77",89,24/07/2018,justin.buchanan@richmondservice.org.uk
890,Maria Kaufman,3,Engineering,"£81,717.54",570,07/11/2018,maria.kaufman@richmondservice.org.uk
891,Theresa Moore,7,IT,"£42,395.15",91,31/10/2015,theresa.moore@richmondservice.org.uk
892,Tracey Boyle,6,Customer Service,"£96,506.38",611,18/05/2018,tracey.boyle@richmondservice.org.uk
893,Kyle Smith,6,Customer Service,"£133,646.18",12,10/06/2017,kyle.smith@richmondservice.org.uk
894,Kristy Dominguez,5,Sales,"£79,657.21",797,18/05/2020,kristy.dominguez@richmondservice.org.uk
895,Ryan Hamilton,2,Human Resources,"£116,981.26",572,10/10/2015,ryan.hamilton@richmondservice.org.uk
896,Briana Woods,4,Marketing,"£98,635.25",173,12/03/2020,briana.woods@richmondservice.org.uk
897,Jennifer Davis,7,IT,"£50,340.21",275,02/06/2024,jennifer.davis@richmondservice.org.uk
898,Corey Cobb,5,Sales,"£62,208.82",149,24/04/2025,corey.cobb@richmondservice.org.uk
899,Brian Carter,2,Human Resources,"£50,064.89",282,11/03/2022,brian.carter@richmondservice.org.uk
900,Ashlee Griffin,7,IT,"£65,970.27",801,15/04/2024,ashlee.griffin@richmondservice.org.uk
901,James Turner,2,Human Resources,"£73,334.99",966,30/07/2020,james.turner@richmondservice.org.uk
902,Donald Wilson,4,Marketing,"£116,507.93",507,11/02/2025,donald.wilson@richmondservice.org.uk
903,Joseph Yang,4,Marketing,"£84,943.40",138,03/06/2020,joseph.yang@richmondservice.org.uk
904,Douglas Clayton,5,Sales,"£30,812.08",405,05/12/2023,douglas.clayton@richmondservice.org.uk
905,Anna Nichols,6,Customer Service,"£130,993.61",389,17/10/2022,anna.nichols@richmondservice.org.uk
906,George Reeves,6,Customer Service,"£82,826.75",440,19/10/2018,george.reeves@richmondservice.org.uk
907,Benjamin Daniels,3,Engineering,"£66,052.23",617,01/03/2023,benjamin.daniels@richmondservice.org.uk
908,Michael Moore,4,Marketing,"£87,481.17",181,24/03/2024,michael.moore@richmondservice.org.uk
909,John Frye,7,IT,"£146,247.03",298,30/03/2024,john.frye@richmondservice.org.uk
910,Sherri Pierce,8,Legal,"£146,131.57",800,25/10/2021,sherri.pierce@richmondservice.org.uk
911,Julie Sosa,4,Marketing,"£69,106.35",287,13/03/2018,julie.sosa@richmondservice.org.uk
912,Mary Lopez,7,IT,"£73,801.86",954,24/05/2025,mary.lopez@richmondservice.org.uk
913,Kevin Wilcox,4,Marketing,"£101,067.24",558,18/05/2017,kevin.wilcox@richmondservice.org.uk
914,Mark Nelson,3,Engineering,"£111,805.52",563,08/11/2023,mark.nelson@richmondservice.org.uk
915,Timothy Kennedy,1,Finance,"£144,360.55",472,13/04/2025,timothy.kennedy@richmondservice.org.uk
916,Robin Roberts,4,Marketing,"£82,614.59",298,18/07/2015,robin.roberts@richmondservice.org.uk
917,Natasha Mccarthy,2,Human Resources,"£128,275.87",814,28/05/2025,natasha.mccarthy@richmondservice.org.uk
918,Dana Salinas,7,IT,"£110,757.32",142,30/06/2018,dana.salinas@richmondservice.org.uk
919,Andrew Barnett,5,Sales,"£59,042.54",674,26/07/2018,andrew.barnett@richmondservice.org.uk
920,Sharon Lyons,3,Engineering,"£115,828.37",808,04/04/2016,sharon.lyons@richmondservice.org.uk
921,Ana Chavez,7,IT,"£38,875.82",612,29/05/2023,ana.chavez@richmondservice.org.uk
922,Samuel Rodriguez,8,Legal,"£99,869.28",547,31/12/2015,samuel.rodriguez@richmondservice.org.uk
923,Nathan Foster,7,IT,"£95,237.42",809,15/09/2020,nathan.foster@richmondservice.org.uk
924,Adam Morris,6,Customer Service,"£114,196.11",831,07/02/2018,adam.morris@richmondservice.org.uk
925,Sharon Braun,2,Human Resources,"£43,124.33",254,27/11/2016,sharon.braun@richmondservice.org.uk
926,James Jackson,6,Customer Service,"£49,960.62",627,26/04/2018,james.jackson@richmondservice.org.uk
927,Scott Robbins,1,Finance,"£97,586.44",660,19/03/2017,scott.robbins@richmondservice.org.uk
928,Darrell Montgomery,7,IT,"£146,017.34",339,18/12/2019,darrell.montgomery@richmondservice.org.uk
929,Michael Wilson,7,IT,"£42,713.35",100,05/05/2022,michael.wilson@richmondservice.org.uk
930,Jason Santana,5,Sales,"£56,640.13",764,17/04/2018,jason.santana@richmondservice.org.uk
931,Jamie Logan,4,Marketing,"£83,493.43",400,16/09/2021,jamie.logan@richmondservice.org.uk
932,Aaron Clark,8,Legal,"£122,681.07",602,23/11/2022,aaron.clark@richmondservice.org.uk
933,Victoria Mclaughlin,3,Engineering,"£71,396.09",25,23/11/2024,victoria.mclaughlin@richmondservice.org.uk
934,Eric Allen,8,Legal,"£42,545.92",425,06/10/2016,eric.allen@richmondservice.org.uk
935,Ariel Gonzalez,2,Human Resources,"£43,928.32",963,15/05/2020,ariel.gonzalez@richmondservice.org.uk
936,Julie Shelton,3,Engineering,"£71,799.44",351,30/12/2015,julie.shelton@richmondservice.org.uk
937,Olivia Osborne,8,Legal,"£124,112.40",533,10/06/2021,olivia.osborne@richmondservice.org.uk
938,Dr. Shawna Allen,8,Legal,"£71,796.04",99,20/01/2019,dr..shawna.allen@richmondservice.org.uk
939,Cynthia Morgan,8,Legal,"£116,639.27",463,07/09/2015,cynthia.morgan@richmondservice.org.uk
940,Dr. Joseph Lin,6,Customer Service,"£38,060.92",45,28/08/2018,dr..joseph.lin@richmondservice.org.uk
941,Kristine Cochran,2,Human Resources,"£32,710.21",351,23/11/2018,kristine.cochran@richmondservice.org.uk
942,Christy Stokes,2,Human Resources,"£111,256.72",168,04/07/2017,christy.stokes@richmondservice.org.uk
943,Tiffany Dixon,4,Marketing,"£91,919.27",565,30/10/2016,tiffany.dixon@richmondservice.org.uk
944,Jennifer Fuller,3,Engineering,"£69,718.76",436,09/03/2024,jennifer.fuller@richmondservice.org.uk
945,Mario Atkinson,8,Legal,"£57,822.67",414,10/10/2020,mario.atkinson@richmondservice.org.uk
946,Ryan Martinez,3,Engineering,"£52,366.43",673,08/08/2017,ryan.martinez@richmondservice.org.uk
947,Emily Gray,7,IT,"£77,469.89",755,05/02/2023,emily.gray@richmondservice.org.uk
948,Timothy Harper,4,Marketing,"£83,949.00",439,11/08/2018,timothy.harper@richmondservice.org.uk
949,Nathan Sanford,7,IT,"£30,534.01",219,25/07/2023,nathan.sanford@richmondservice.org.uk
950,William Cooper,4,Marketing,"£63,401.38",720,13/09/2024,william.cooper@richmondservice.org.uk
951,Jeffrey Franco,2,Human Resources,"£99,281.75",818,12/03/2024,jeffrey.franco@richmondservice.org.uk
952,Colleen Holmes,3,Engineering,"£73,895.16",201,07/07/2022,colleen.holmes@richmondservice.org.uk
953,Darren Brennan,8,Legal,"£43,674.60",686,28/03/2018,darren.brennan@richmondservice.org.uk
954,Amy Mitchell,8,Legal,"£93,325.80",654,07/03/2016,amy.mitchell@richmondservice.org.uk
955,Tiffany Morris,6,Customer Service,"£101,636.50",625,31/08/2015,tiffany.morris@richmondservice.org.uk
956,Alyssa Schmidt,7,IT,"£100,440.57",356,20/02/2018,alyssa.schmidt@richmondservice.org.uk
957,John Sharp,6,Customer Service,"£131,462.14",632,22/12/2024,john.sharp@richmondservice.org.uk
958,Robert Smith,3,Engineering,"£127,648.59",722,05/05/2016,robert.smith@richmondservice.org.uk
959,Gabriella Hobbs,5,Sales,"£140,241.91",604,23/11/2022,gabriella.hobbs@richmondservice.org.uk
960,Julie Banks,2,Human Resources,"£110,653.21",320,23/12/2024,julie.banks@richmondservice.org.uk
961,Willie Ortiz,2,Human Resources,"£58,628.73",119,05/10/2022,willie.ortiz@richmondservice.org.uk
962,Rachel Nelson,3,Engineering,"£74,796.73",144,10/01/2022,rachel.nelson@richmondservice.org.uk
963,David Rasmussen,7,IT,"£80,188.69",141,19/07/2019,david.rasmussen@richmondservice.org.uk
964,April Thompson,7,IT,"£80,764.65",498,25/06/2019,april.thompson@richmondservice.org.uk
965,Olivia White,3,Engineering,"£96,589.51",501,08/03/2016,olivia.white@richmondservice.org.uk
966,Dawn Olson,5,Sales,"£46,835.58",322,02/05/2021,dawn.olson@richmondservice.org.uk
967,Timothy Crawford,8,Legal,"£104,329.20",886,08/01/2025,timothy.crawford@richmondservice.org.uk
968,Susan Morales,6,Customer Service,"£144,221.03",496,02/05/2019,susan.morales@richmondservice.org.uk
969,Robert Frederick,3,Engineering,"£53,415.42",393,25/02/2025,robert.frederick@richmondservice.org.uk
970,Robin Holloway,8,Legal,"£79,096.12",503,19/11/2019,robin.holloway@richmondservice.org.uk
971,Alexis Townsend,7,IT,"£115,217.08",454,23/04/2022,alexis.townsend@richmondservice.org.uk
972,Kenneth Brennan,8,Legal,"£50,070.42",578,25/07/2019,kenneth.brennan@richmondservice.org.uk
973,Michael Jimenez,1,Finance,"£125,505.71",225,13/05/2024,michael.jimenez@richmondservice.org.uk
974,Lauren Miller,5,Sales,"£33,923.41",230,13/04/2018,lauren.miller@richmondservice.org.uk
975,Charles Barber,5,Sales,"£50,185.08",468,25/06/2024,charles.barber@richmondservice.org.uk
976,Bernard Baker,8,Legal,"£95,967.14",115,03/11/2017,bernard.baker@richmondservice.org.uk
977,Tracy Taylor,2,Human Resources,"£62,146.67",556,01/09/2023,tracy.taylor@richmondservice.org.uk
978,Christine Johnson,6,Customer Service,"£95,045.21",774,18/06/2019,christine.johnson@richmondservice.org.uk
979,Tracy Maynard,1,Finance,"£121,200.50",451,24/08/2015,tracy.maynard@richmondservice.org.uk
980,Rachael Osborne,4,Marketing,"£148,773.09",104,08/02/2022,rachael.osborne@richmondservice.org.uk
981,John Oneal,4,Marketing,"£65,725.07",33,10/07/2019,john.oneal@richmondservice.org.uk
982,Jose Thompson,8,Legal,"£61,537.83",882,21/01/2023,jose.thompson@richmondservice.org.uk
983,Micheal Gonzalez,2,Human Resources,"£82,688.39",120,23/09/2017,micheal.gonzalez@richmondservice.org.uk
984,Jeremy Huff,4,Marketing,"£55,185.38",755,11/12/2016,jeremy.huff@richmondservice.org.uk
985,Micheal Morgan,6,Customer Service,"£133,325.84",624,01/08/2021,micheal.morgan@richmondservice.org.uk
986,Gina Meza,7,IT,"£49,917.79",142,29/03/2024,gina.meza@richmondservice.org.uk
987,Joseph Weber,4,Marketing,"£127,623.58",824,01/04/2016,joseph.weber@richmondservice.org.uk
988,Melanie Solis,1,Finance,"£98,408.92",545,25/04/2019,melanie.solis@richmondservice.org.uk
989,Margaret Craig,5,Sales,"£101,622.92",172,15/03/2021,margaret.craig@richmondservice.org.uk
990,Christine Banks,6,Customer Service,"£147,480.02",299,01/09/2021,christine.banks@richmondservice.org.uk
991,Todd Vasquez,5,Sales,"£98,728.27",975,08/01/2016,todd.vasquez@richmondservice.org.uk
992,Rebecca Wells,2,Human Resources,"£46,270.67",768,12/04/2021,rebecca.wells@richmondservice.org.uk
993,Randy Kennedy,7,IT,"£140,252.25",283,22/01/2019,randy.kennedy@richmondservice.org.uk
994,Daniel Thompson,3,Engineering,"£114,171.18",135,10/12/2018,daniel.thompson@richmondservice.org.uk
995,Mark Rosales,4,Marketing,"£47,549.21",329,31/03/2024,mark.rosales@richmondservice.org.uk
996,Cheryl Patterson,4,Marketing,"£121,376.83",692,12/02/2016,cheryl.patterson@richmondservice.org.uk
997,Nicholas Lara,7,IT,"£88,735.05",591,03/07/2017,nicholas.lara@richmondservice.org.uk
998,Lorraine Richardson,5,Sales,"£105,337.54",384,08/11/2022,lorraine.richardson@richmondservice.org.uk
999,Jesus Carlson,8,Legal,"£39,061.95",813,22/04/2021,jesus.carlson@richmondservice.org.uk
1000,Christopher Smith,2,Human Resources,"£78,342.09",767,03/11/2020,christopher.smith@richmondservice.org.uk